x,y,arg
2.5448499,19.669292,1
-3.3867831,-0.12371448,1
-8.258541,1.0930909,2
0.05442001,11.336915,1
1.4768829,-3.5805957,2
7.236284,-5.393479,0
15.343226,12.889276,0
21.223818,1.875231,0
16.543188,-11.21786,2
5.666874,10.051078,0
18.038845,17.423178,0
23.26449,-0.13823634,0
11.885943,5.78487,2
3.7228034,-5.608163,1
-2.6177592,11.916632,2
12.27712,18.708382,0
-3.985371,17.201126,1
7.0514345,-16.769262,2
-5.9790454,4.6934724,0
18.006304,15.229723,0
17.48665,-6.0237923,0
10.102377,12.414368,2
6.328569,10.544041,0
16.858917,8.58564,2
13.515886,16.64637,0
-13.352755,12.86713,1
-9.36139,6.7892385,1
3.6034393,-8.055667,2
3.0848258,4.0716085,2
18.14276,13.442742,0
20.16371,-10.471384,2
3.9981477,7.391565,2
-2.3164613,18.661808,1
-9.659128,7.704317,1
-13.929268,-4.1838408,1
-7.8414593,-4.702578,1
0.06182979,-11.191717,2
9.494491,-0.9383316,1
-1.3592465,16.298923,1
-16.915413,-4.8073425,1
-6.151946,-3.0345416,0
-4.7220984,-18.205095,1
-4.2457805,4.381408,2
4.3828664,5.330887,0
9.031869,12.566802,2
1.0506154,13.8027,0
-9.977589,22.612972,1
-16.478338,9.2501135,1
-6.2612615,-12.084387,1
2.0250022,-14.24059,2
8.703383,-11.928037,2
7.069997,18.672972,0
25.213408,-0.52775735,0
0.11240918,-17.974998,2
-5.658391,14.606665,0
20.387167,15.992299,0
17.496609,-6.0346174,0
12.5440035,-2.8759437,2
5.0220437,-4.9829164,2
10.971458,18.181442,0
16.477394,-0.07337152,0
19.584131,11.011614,0
18.973974,-3.8153727,0
11.332168,7.839463,0
8.555989,-6.561792,2
7.8181453,3.2724156,1
-6.5188055,12.732005,1
-15.002198,4.590563,1
-10.237197,-3.588558,1
1.704121,-8.615327,2
2.7445884,-3.3830202,1
0.44497856,8.937437,1
-5.7853947,7.724806,1
-2.8823395,1.540841,1
-8.9029255,2.0525928,1
-7.4688625,9.609007,2
0.4328479,3.8023765,2
2.554512,17.540134,1
-11.783676,4.8957686,1
-4.4426193,-3.927537,1
-8.611012,1.5860167,1
2.2702234,0.056029957,2
1.5795015,-3.6904602,1
-1.5508921,7.0379663,2
-3.042911,22.524252,0
5.412107,14.79905,0
12.877031,0.9752861,0
6.4621415,-11.589746,2
7.6042047,10.789351,0
14.873982,8.306011,0
22.350851,9.156131,0
11.126958,-6.149215,0
8.05784,-0.85013044,2
10.604993,10.02713,2
15.295981,12.925961,0
21.222725,1.8729813,0
16.547369,-11.21412,2
5.7141666,10.089992,0
-3.882405,14.600125,1
-7.4264812,5.949079,1
-5.440053,-5.835756,2
0.28876945,5.3890386,0
-3.0668418,9.120988,1
7.083469,-16.801105,2
9.178429,9.565287,0
-4.382952,11.902705,2
9.027154,16.615097,0
7.1653666,9.4549265,0
21.534554,-9.6232195,2
4.667025,6.7431097,1
-1.327302,16.33515,1
-16.830555,-4.711591,1
-9.195852,-9.146171,1
1.8240857,-13.800819,2
-0.8456088,11.752727,0
14.646569,11.495618,0
14.998675,-6.512989,0
15.614619,-8.274575,0
9.6076765,-14.2206545,2
10.045312,9.425076,2
14.884478,8.320407,0
23.658792,3.9260123,0
11.295322,-6.269535,0
9.367837,-10.047531,2
10.709276,10.120342,2
2.4056349,17.446524,1
-16.517002,1.667116,1
-8.312421,-8.364156,1
-7.7451763,-1.7809609,1
2.2120812,0.06535488,2
1.5796293,-3.6194685,1
15.338823,15.519974,0
13.450175,-7.2068405,2
4.2656507,1.561988,0
4.339053,20.365206,1
-6.6118736,3.1844184,1
-12.479265,-3.2746944,1
-3.0855405,-6.3041306,2
-0.25990394,-8.215988,1
3.956945,13.735902,0
26.78508,3.180181,0
10.554743,5.9538827,0
10.689918,-3.7690024,2
3.8051608,-4.0528226,0
-1.5534515,15.949603,1
-16.190641,-3.9735742,1
-9.351795,-9.111234,1
1.5666615,-13.389029,2
-0.8997097,11.824159,1
-10.963836,13.736322,1
-8.87023,-5.023373,1
-1.5857905,-6.6434946,2
-1.2082311,5.0228863,2
0.45767453,8.939249,1
-5.8613677,7.7995124,1
-2.8493013,1.5846019,1
-5.088936,-8.111729,1
1.476657,2.06066,2
0.86381304,-3.6224568,1
7.542336,13.680607,0
23.646551,3.9049325,0
11.43067,-6.349877,0
9.355507,-10.043136,2
7.0557995,-1.850108,2
-2.3554587,18.621017,1
-6.0189085,9.239013,1
-14.945012,-0.25775725,1
-7.830651,-4.6990433,1
0.075368986,-11.18361,2
9.521064,-0.8804489,1
2.1086485,13.118797,1
-12.374058,6.5299106,1
3.2577908,-7.526511,2
2.8833833,3.8830144,2
14.673837,11.516534,0
14.923409,-6.4731827,0
15.670747,-8.402726,0
9.65356,-14.186269,2
10.08334,9.481499,2
-5.2304573,9.186805,1
9.872144,-3.1149302,1
-7.22601,-17.693563,2
3.5187106,4.2810464,2
15.338057,12.893529,0
13.054587,1.6306982,0
7.1591887,-11.848106,2
7.7757807,11.258969,0
0.0023426267,8.261856,1
-6.2733817,8.092449,1
-4.757516,-3.7004285,1
-8.8517,2.02352,1
3.287406,-0.5588333,2
0.9630197,-3.5665157,1
-9.7824135,17.37945,1
-10.750582,0.5465481,1
-2.5975997,-14.288522,2
-0.1552765,0.45517045,1
2.918627,12.592135,0
14.769835,9.691215,0
20.053394,8.197467,0
18.255913,-3.7307584,0
11.643324,-1.380611,2
3.800317,2.9217165,2
-10.968142,13.743184,1
-8.95198,-4.980007,1
-1.532549,-6.5279922,2
5.3617935,-2.8558671,0
-4.0447245,7.1844473,1
-10.534772,-1.3530687,2
5.3484993,4.937149,2
14.295001,22.039972,0
20.411415,3.3655233,0
10.0233345,-0.009714341,0
14.104099,1.4354334,0
5.760388,1.1351769,2
-0.50547135,-5.3784094,0
6.577992,16.263248,0
23.51488,2.6349547,0
10.084692,6.4829845,0
13.512299,-0.7320564,0
5.250198,-0.6793625,2
7.901717,3.3391533,0
15.8642645,3.8635578,0
17.28788,-4.8260407,2
2.1931381,5.572755,0
3.9353497,13.706166,0
26.827076,3.1368017,0
11.0709095,1.7047247,0
8.46558,7.6434083,0
5.9567027,2.2681947,2
8.308482,-3.4745193,2
18.052408,17.437117,0
23.250866,-0.1527316,0
13.042673,-9.119981,0
5.122612,-6.9384785,2
9.263094,1.5244559,0
7.1781483,18.794968,0
18.340555,12.001343,0
9.1389065,-5.3584013,2
-5.7040105,14.648061,0
-16.882244,5.782496,1
-15.497952,4.2175965,1
-10.675628,-3.5077198,1
2.348712,-8.49792,2
2.7964847,-3.105163,1
-9.798273,17.394642,1
-10.679603,0.68349785,1
-2.4177608,-14.458634,2
-0.15217747,0.4859767,0
6.623877,16.327385,0
23.516335,2.6341388,0
21.175957,-0.839044,0
11.830387,-15.083266,0
15.429176,5.242919,2
4.4894304,-12.984713,0
12.811463,3.9806175,0
11.841089,-9.814737,2
2.2451665,5.6147614,0
5.6237965,15.068096,0
12.914413,1.0688493,0
6.659943,-11.659804,2
7.6598005,10.960302,0
12.071211,10.757812,0
17.82018,-9.647252,0
15.9715,-8.796133,0
9.706862,-14.159966,2
10.359734,9.861565,2
-1.5543044,7.0256457,2
-0.20502834,14.887147,0
-12.778911,17.339018,1
-14.616353,2.7816594,1
9.365649,-15.748222,2
0.67890835,6.1771393,2
5.663343,23.452095,0
23.688383,-8.848526,0
9.028892,-5.4344587,2
13.888,6.611812,0
16.973436,25.915895,0
21.915804,5.3849664,0
3.9683065,0.56986016,0
11.729559,-4.0663695,0
6.2800665,-0.71915364,2
13.434156,5.810617,0
-3.064094,9.117359,1
3.3548393,-15.939596,2
5.2074537,5.3732834,2
-5.3642573,11.052215,1
-10.680221,-14.486099,2
-4.492448,-12.9027195,0
9.247965,17.529144,0
9.212099,7.885117,0
19.466286,10.89525,0
10.365052,3.278559,0
7.4217715,-9.146651,2
3.4768238,9.366612,2
-9.843804,12.711188,1
-7.6549025,5.2624984,1
-5.3616595,-5.8661413,2
0.08071631,5.1161227,2
0.44334415,8.889938,1
-5.879202,7.821641,1
-2.8936262,1.5276217,1
-5.0360937,-8.152576,1
1.4439062,2.0646334,2
10.954023,0.88061166,2
-5.238848,9.171433,1
9.790345,-3.188881,1
-1.6213229,-6.6952314,2
-2.1867566,10.263337,2
-6.868936,11.505017,1
-3.6395617,-5.1872735,1
3.1907618,-7.398722,2
5.6662173,-2.818812,0
20.3948,15.999437,0
17.493616,-6.0299234,0
2.1088166,-10.052065,2
6.340308,10.567204,0
-3.057278,9.122146,1
3.3610191,-15.940521,2
9.155967,9.540492,0
2.2908714,8.886827,2
-0.04583167,15.312547,0
-12.729424,17.38907,1
-14.605079,2.7705715,1
9.399945,-15.711493,2
7.0611467,8.502096,1
5.584888,8.390905,2
11.838291,17.111752,2
-3.9804337,17.198538,1
7.086462,-16.80385,2
5.256321,5.488431,0
9.2802305,17.516022,0
9.145339,7.9550414,0
8.840485,14.723172,0
10.344475,3.335446,0
11.432155,-0.91892207,2
3.5085185,9.336215,2
9.067292,15.778887,0
21.880018,5.4221864,0
3.9718862,0.5692825,0
11.7104,-4.0505896,0
10.714801,-8.173588,2
13.425254,5.8245964,0
-5.4331865,22.628775,1
-3.9257593,8.7653675,1
-4.786331,-3.6860185,1
-8.965727,2.1347632,1
3.4333804,-0.60365,2
0.6815908,-3.2482698,0
-8.5534525,14.107668,1
-2.4350271,4.9225082,1
-15.077931,-0.386797,1
-9.468874,5.130815,1
-0.3685178,-11.676592,2
10.701228,0.6066131,1
15.610123,17.767704,0
26.280174,3.5585542,0
10.505226,6.049591,0
14.470653,-0.59230286,0
6.146292,-0.8311613,2
7.5359774,2.4532819,2
-8.101425,11.665958,2
-3.0022857,22.564194,0
4.9707203,19.024618,2
5.817483,21.621088,0
-5.339188,11.0179615,1
-10.680333,-14.4856205,2
-6.170171,4.8832903,0
9.059897,22.972897,0
17.561348,10.521712,0
18.240189,-1.6957285,0
12.777586,-1.3433555,0
17.063438,1.2104948,2
3.8275542,2.9193532,2
-3.8372688,14.472511,1
-7.5101013,6.6086817,1
2.604846,-19.257046,2
0.47881967,5.7416477,0
-6.806647,16.091839,1
-3.1442027,-0.37631124,1
-11.96315,-8.034509,1
-13.287191,-0.06740131,1
0.7864184,0.8610419,1
3.1728992,-10.985993,2
-5.803554,13.620583,2
2.495506,14.468477,2
8.053947,8.502712,0
7.189939,18.80229,0
18.343039,12.007047,0
0.2614116,-17.833147,2
-5.636392,14.583594,0
10.187754,19.495615,0
16.273619,9.979951,0
12.351163,1.763839,0
13.144044,-5.728522,0
21.57706,3.9965167,0
6.1789966,-9.501638,0
8.648016,5.922692,2
6.04972,7.093309,1
16.147543,-4.8525987,2
9.12184,-4.4094243,2
19.084171,18.392015,0
17.944462,7.1133842,0
15.930483,-7.5602355,0
17.90374,-0.056462076,2
8.808727,4.4586277,2
-12.016246,19.627062,1
-13.870194,9.735058,1
-4.604111,-6.8003254,1
9.043102,6.7027707,2
-1.9596949,-2.6304476,1
17.967655,15.20316,0
18.431084,8.928554,0
10.073325,12.401746,2
5.837858,10.194921,0
-1.710921,0.36144823,2
7.021565,20.39345,0
22.08306,12.475652,0
19.837774,-2.523191,0
12.571176,-2.912628,2
6.041141,-15.815635,0
3.0145712,10.518647,0
21.265585,-2.8943276,0
10.130949,6.4525447,0
13.625226,-0.6477062,0
5.374685,-0.7787203,2
7.8681087,3.3124988,0
-3.96126,19.37263,1
-4.7266846,10.15179,1
-4.540139,-6.827079,1
-5.773916,0.5262373,2
-0.074485295,11.1525,2
-12.7275915,17.39106,1
-14.597544,2.768146,1
9.354784,-15.755781,2
7.067937,8.502925,1
0.8623336,20.811443,0
11.753691,-17.65303,2
2.2218008,5.5936337,0
-13.898631,15.184137,1
-15.102144,13.69983,1
0.29198226,-6.112253,1
1.653286,-12.817007,2
8.333262,0.71967405,2
19.29791,7.131104,0
14.770375,-5.499042,0
12.09563,-11.409742,0
14.550988,2.8964674,0
5.8192034,1.7597067,2
7.5942526,2.3801837,2
-4.788684,24.44195,1
-10.776414,8.844638,1
-15.53611,7.8872705,1
-12.762142,-0.5269306,1
-2.4349425,-9.879135,1
3.858659,-2.2601738,2
-1.8462625,8.273344,2
5.5018153,8.291396,2
0.93943614,17.038486,2
-16.870386,5.769553,1
-15.519268,4.1650567,1
-10.637943,-3.547726,1
2.4031072,-8.548711,2
2.9066775,-2.9452581,1
15.29092,15.474278,0
20.13322,-10.43728,2
4.2736235,1.5453527,0
7.2084756,9.384792,0
21.562393,-9.572466,2
4.1527867,5.180208,0
-1.559252,7.0221124,2
-0.22119693,14.868729,0
-8.558651,14.110327,1
-2.4423394,4.934013,1
-15.081106,-0.387512,1
-9.500378,5.159016,1
-0.37409317,-11.657384,2
10.69341,0.59823674,1
4.713846,16.727037,0
21.158638,-2.7648451,0
10.187583,6.379186,0
13.620537,-0.65967613,0
5.400213,-0.7862639,2
7.7518215,3.2260976,0
17.013933,25.956268,0
22.001945,5.2936635,0
10.694236,5.531284,0
8.322135,-7.4918857,2
1.5711596,7.782834,1
-3.7225277,3.2395775,1
-10.245962,-5.8665195,2
9.247805,9.661434,1
16.91599,8.643876,2
2.6420212,11.475747,0
13.224572,12.620716,0
24.126493,7.989978,0
15.627402,-8.294191,0
8.423657,-7.8408775,1
2.7199585,1.5072615,2
13.140418,2.9474893,1
3.0172675,10.504788,0
21.069082,-2.6800354,0
7.602353,5.5547733,0
11.571392,-14.262573,0
15.122408,5.4262137,2
4.1675816,-12.539706,0
10.959595,18.184181,0
16.482866,-0.07078452,0
19.495295,10.919763,0
18.999226,-3.8482666,0
11.405531,7.867971,0
8.61067,-6.5370836,2
5.9158397,6.0401697,0
14.704544,11.549929,0
14.958139,-6.5098085,0
10.905861,5.6290927,0
8.53544,-8.002902,1
2.6699479,1.5634042,2
13.161038,2.985247,2
10.497935,13.78398,0
19.024973,-9.394862,2
4.027839,1.8600706,0
12.116425,10.322167,0
22.36166,9.146372,0
11.16783,-6.1873193,0
8.058031,-0.8362536,2
7.033291,-1.8679378,0
12.029566,10.570314,0
17.88629,-9.717295,0
16.054256,-8.915665,0
8.1063,-0.8837951,2
10.4209795,9.900053,2
10.998129,18.212477,0
14.842806,9.781852,0
19.478683,10.905219,0
10.449807,3.1551235,0
11.5924425,-1.3094772,2
13.246647,10.957542,2
4.037062,12.643946,2
6.645331,-6.7564692,1
-1.130571,13.574467,1
-9.671923,10.652357,1
-13.862236,-4.240963,1
-7.26804,-3.7627685,1
0.5836571,-10.717684,2
9.425161,-1.3577285,1
1.6639886,16.434542,1
4.277622,-16.285336,2
-7.3412423,-7.409881,0
20.556416,13.617631,0
25.222271,2.3402565,0
9.088942,-5.4169264,2
12.2248,9.028024,0
-6.837611,11.473559,1
-3.6667812,-5.1336265,1
3.1576905,-7.2761664,2
5.6937065,-2.9180589,2
2.064895,13.159986,1
-12.374002,6.5258403,1
1.1510687,-6.937642,2
5.549921,-2.8576622,0
7.1839547,18.800188,0
18.343103,12.006744,0
0.26789615,-17.826397,2
-5.6097994,14.557001,0
14.406454,23.314692,0
20.383415,3.271314,0
10.389921,6.1722975,0
14.143157,-0.5145726,0
5.8488293,-0.9461384,2
7.651152,2.4719388,0
-10.0386715,22.673382,1
-16.446964,9.221158,1
-8.084511,-6.288107,1
1.6205333,-14.605707,2
8.668188,-11.960545,1
14.304052,22.085623,0
20.224058,3.573669,0
9.903221,0.088215135,0
7.2625,-12.952802,0
5.833012,1.1507034,2
-0.49299142,-5.392526,0
0.98576087,26.077147,2
-9.17191,19.570082,2
-8.541121,14.09338,1
-2.9378102,4.7545843,1
-4.863728,-3.6475046,1
-9.13302,2.3597627,1
3.512856,-0.7191031,2
0.71583843,-2.2417116,2
6.724721,14.354765,1
-3.154284,-0.36464778,1
-8.76307,8.402946,1
-0.046026047,2.161302,1
0.7708032,0.8814906,1
3.162243,-10.978823,2
-5.855848,13.667295,2
-1.3537427,19.601942,2
12.263128,14.069578,0
12.057812,10.780706,0
17.839346,-9.670969,0
10.827887,5.824483,0
8.7398615,-8.136638,2
3.8479433,-4.074092,0
-4.407489,11.928374,2
9.020465,16.59845,0
1.2477593,19.07977,1
-11.881853,4.991251,1
-5.037695,-10.002632,1
-6.0967174,-8.536696,1
-9.375586,3.8724997,2
-0.9358222,-1.4288057,1
-8.61883,14.17051,1
-2.8562784,4.7618933,1
-7.7179117,3.0991328,1
-9.51406,5.1842127,1
-0.38033068,-11.690297,2
10.707829,0.6071,1
5.2752748,13.060883,2
2.2831802,21.760538,0
1.2457541,19.077255,1
-11.877646,4.9848576,1
-4.994326,-9.975334,1
-6.150938,-8.481473,1
-9.413584,3.8395307,2
1.5661132,-3.6996832,1
0.98601514,26.07652,2
-9.132465,19.531334,2
4.663663,10.450748,2
7.6146536,17.399384,2
6.503584,16.210003,0
21.221071,-2.8469498,0
7.6080484,5.5575824,0
11.572636,-14.261196,0
15.0716715,5.4587393,2
4.162367,-12.5339365,0
1.2492852,19.077028,1
-11.902856,5.009044,1
-5.036922,-9.9746475,1
-6.104195,-8.52707,1
-9.375065,3.880572,2
-0.9020975,-1.4583656,1
-3.902262,17.136618,1
7.062489,-16.77548,2
9.249273,9.670575,0
15.850094,3.861572,0
17.225689,-4.774077,2
4.3041873,4.7528696,2
13.972496,18.072475,0
19.301231,1.0813211,0
7.291863,0.7998229,2
13.815213,6.61916,0
5.7639217,13.356305,2
2.520972,15.659724,0
-6.7660947,12.665762,1
-14.65458,4.891186,1
-11.703663,-10.562651,1
1.2617774,-8.674166,2
-1.125664,-8.604283,1
-7.203004,21.452805,1
-11.198825,7.178108,1
-3.1245844,-2.5908062,2
0.4920372,5.898534,0
-4.137876,7.1166673,1
-3.3919709,2.3766844,2
0.025677474,-9.821682,0
14.989717,17.143547,0
17.9237,7.078325,0
15.842749,-7.744894,0
17.911282,-0.051168863,2
8.79306,4.4371,1
-3.923759,17.149857,1
7.0829973,-16.795292,2
5.071472,5.3191147,2
13.889219,15.598984,0
21.405493,5.92343,0
8.424401,-2.41801,0
12.007972,-4.385945,0
16.3031,7.8647823,2
-1.1325561,-4.2696824,2
2.8557982,19.383667,1
-5.7064133,2.613921,1
-13.23489,2.5063705,1
-1.2616304,1.613004,1
-6.249691,-0.7111616,1
3.252301,-11.072537,2
-6.048318,13.796986,0
9.061726,23.005955,0
19.083344,4.772232,0
20.069786,8.202653,0
18.091942,-3.6550674,0
21.574902,3.9943073,0
3.771232,18.241386,0
8.700342,5.943231,2
5.898281,6.962278,0
12.037656,10.579493,0
17.871298,-9.724202,0
16.01855,-8.874846,0
9.727305,-14.158242,2
10.448833,9.9332075,2
15.882652,3.8260896,0
17.230625,-4.7715187,2
4.2937536,4.7453194,2
-1.72383,0.3671178,2
7.0164814,20.393244,0
5.419858,20.097462,1
5.0784984,11.439881,1
-4.228417,-4.1016903,1
-8.296585,1.1367024,1
2.0550275,-0.25142646,2
1.3381176,-3.395395,1
-6.254224,10.491768,1
-10.675859,-14.495509,2
-0.794807,6.942012,0
-16.850145,5.755101,1
-15.524923,4.203633,1
-10.634528,-3.5517106,1
2.4007947,-8.552339,2
2.8767884,-2.9802306,1
-12.036076,19.605085,1
-13.830237,9.756832,1
-4.637386,-6.7305374,1
5.183919,3.2211592,2
-1.920733,-2.66381,1
-6.252479,10.484506,1
-10.680583,-14.485009,2
-4.448376,-12.946619,0
12.131057,24.208424,0
23.567348,11.55734,0
9.296822,11.448007,0
14.178163,-12.763635,0
14.31058,-2.8071704,2
4.821601,-13.336775,0
12.036658,10.571484,0
17.862427,-9.69356,0
10.887419,5.8205943,0
10.634902,-3.7060003,1
6.9727707,-5.7245116,2
4.875311,6.2922144,0
21.328623,10.328852,0
16.578314,-2.4145389,0
10.778121,5.771277,0
8.616802,-8.085236,1
2.6483042,1.5833626,2
13.135968,2.9504516,2
-11.111437,15.8967495,1
-6.838462,3.4927208,1
-5.7749677,-3.203561,1
-5.7797036,0.52141273,2
-0.048820037,11.163054,2
9.246953,17.534174,0
9.171172,7.91062,0
18.187418,-1.5731831,0
10.372895,3.2742178,0
11.429069,-0.9168891,2
13.18202,10.9294195,2
6.66905,-5.8119755,2
5.3511443,6.117665,2
-6.820782,16.10614,1
-3.1492088,-0.3770845,1
-11.995107,-8.003453,1
-13.283066,-0.07506558,1
1.7581416,-0.7691843,1
-5.2935195,1.7360787,2
4.3043256,-9.159618,2
-8.090332,11.662942,2
-3.000793,22.563902,0
0.9209073,12.890797,2
-9.13002,19.52542,2
-13.3072405,12.832209,1
9.883111,-3.1075714,1
-7.2002783,-17.664703,2
3.4774244,4.2659287,2
-8.562602,14.120677,1
-2.8664637,4.7937517,1
-7.735443,3.1238768,1
-9.103076,2.3268666,1
3.5538104,-0.7470255,2
0.4024849,3.8303766,2
-6.0137744,18.34288,1
-5.850357,-2.05278,1
-11.698173,-10.556131,1
1.237225,-8.677182,2
-1.0654107,-8.547381,1
2.5380542,17.536133,1
-16.51502,1.66933,1
-8.297402,-8.349046,1
-8.628272,1.6045766,1
2.272541,0.024639435,2
1.6062812,-3.7030275,1
20.616201,13.56067,0
25.224527,2.3432348,0
12.858587,-3.314799,2
4.699189,-5.2855277,2
-4.0293026,7.1954894,1
-10.538301,-1.3526769,2
0.03485223,-9.83752,0
10.21807,19.518066,0
16.27994,10.003638,0
12.332975,1.7726363,0
13.137518,-5.721587,0
21.56912,4.021182,0
6.175486,-9.497921,0
8.644885,5.9244895,2
6.0301485,7.070409,1
16.14723,-4.8460493,2
9.11779,-4.425117,2
-4.089175,7.1630397,1
-3.4029253,2.363944,2
-1.9956949,-0.37874737,0
2.4276576,14.536799,2
8.08873,8.483859,0
12.427111,21.795124,2
17.123781,13.120007,0
1.0243232,26.114979,2
2.1393502,10.026269,2
7.1394334,9.393411,0
21.562141,-9.566889,2
4.6448,6.782268,1
16.6034,14.071119,2
2.5523043,15.638183,0
2.4029622,7.025731,0
17.86416,-11.939651,2
1.7990842,5.2227864,1
-4.7722816,13.02088,1
2.4348874,-5.2918205,2
-6.0005336,4.7170157,0
-9.798655,17.396074,1
-10.693391,0.650098,1
-2.3345351,-14.541363,2
-0.14230043,0.47418764,0
-1.9239967,15.311525,1
-15.680141,-3.3304164,1
-9.881308,-9.130642,1
1.4029542,-13.159364,2
8.249447,0.52482885,2
10.592829,11.562127,0
15.389247,-4.115694,0
16.088837,1.7496156,2
4.179276,-5.5822883,1
-3.898811,17.135906,1
7.164824,-16.874075,2
9.205488,9.600314,0
14.651159,11.498035,0
14.961422,-6.512485,0
15.664807,-8.35726,0
9.630057,-14.186787,2
10.028009,9.462258,2
14.995339,17.146055,0
17.880688,7.0390925,0
15.910347,-7.5911613,0
17.904613,-0.049391113,2
8.780521,4.471101,1
2.9461257,12.649982,0
14.773007,9.804628,0
20.164505,8.327826,0
18.351072,-3.7651567,0
11.241673,7.7436037,0
6.3273287,-9.450642,1
6.7457027,-6.246281,2
5.727866,6.098793,0
-1.3083478,16.404276,1
-16.966108,-4.8642063,1
-6.2356453,-12.0596485,1
1.9686532,-14.067252,2
8.186976,0.06294145,2
-5.9591503,18.289684,1
-5.91382,-2.0693758,1
-3.674199,-10.938099,1
-2.7733407,-5.6594586,2
-0.91889673,-8.445799,1
0.46156737,8.930504,1
-5.860898,7.7813754,1
-2.874693,1.5312979,1
-4.3663893,-8.112039,1
1.4300174,2.057697,2
10.977557,0.9039638,2
14.136399,13.83528,0
18.011276,4.1675115,0
13.7042055,-5.0509734,0
19.236677,-3.6744003,0
11.603262,7.927468,0
8.628212,-6.491174,2
5.975328,6.005499,0
16.855364,8.555841,2
11.843987,17.110954,2
12.13068,24.20757,0
23.567642,11.555615,0
9.249032,11.501192,0
14.199434,-12.780382,0
14.086302,-3.0321085,2
4.81224,-13.327885,2
5.748877,13.353847,2
7.7307944,15.268643,0
12.12878,24.20903,0
23.590294,11.579764,0
9.265267,11.47265,0
14.202946,-12.793375,0
14.315249,-2.8082669,2
4.770732,-13.281797,2
9.274199,17.503794,0
9.212088,7.877111,0
8.839356,14.7184105,0
10.317626,3.3226025,0
11.42677,-0.93785965,2
3.4509208,9.412476,2
14.00872,18.030985,0
19.302763,1.0867124,0
7.04766,1.095586,2
13.826495,6.60148,0
15.3538685,15.538998,0
13.480714,-7.2407513,2
4.2942553,1.5668986,0
3.9779282,13.76128,0
26.843403,3.127578,0
11.173243,1.780296,0
14.751535,-0.7815728,0
6.338175,-0.667041,2
8.3120365,-3.4515173,2
9.551551,21.02303,0
15.516993,-3.9658988,0
12.976358,-9.219748,0
5.027831,-6.9941096,2
9.265146,1.5159742,0
-1.0634061,23.210035,1
5.070857,11.500729,1
-1.4837586,9.871689,1
-4.385026,-1.7229873,1
-2.550811,-9.793827,1
-1.9171233,-12.022766,2
-1.8712784,8.215193,2
5.614899,13.262895,2
7.6837826,15.227524,0
0.9914002,26.082838,2
6.6964145,12.191819,2
9.270603,17.564625,0
16.484444,-0.0641842,0
19.532187,10.959812,0
18.957546,-3.8546417,0
11.575287,7.929814,0
8.591035,-6.534581,2
5.9303746,6.0316825,0
10.954014,18.196854,0
6.532102,3.5514898,0
19.550762,10.974875,0
18.70375,-3.8891397,0
11.409875,7.892305,0
8.599074,-6.5256753,2
5.8617563,6.065648,0
16.371498,20.279285,0
16.850988,6.020509,0
6.051143,-11.396286,2
9.817461,-2.0409732,0
-6.5740404,1.9483477,2
6.4851794,12.032731,1
-12.755656,17.388971,1
-14.635756,2.784494,1
1.3912538,-7.2066555,2
7.0605354,8.510785,1
2.4346232,7.0680795,0
17.856964,-11.927712,2
7.549366,6.73746,2
-1.2954996,16.430225,1
-16.9947,-4.8949122,1
-9.215535,-9.121433,1
-5.4692507,0.2504014,2
-0.86292696,11.752508,0
4.012568,13.792708,0
26.790146,3.1748226,0
20.027725,-0.04250061,0
8.305471,7.5572124,0
5.9712567,2.2624362,2
8.305286,-3.4520469,2
13.886781,15.606788,0
21.392138,5.942595,0
8.483446,-2.3505747,0
11.985781,-4.349987,0
16.265799,7.8013935,2
-0.91410905,-4.0417695,0
-5.4292474,22.649769,1
-3.894321,8.743171,1
1.6625466,3.326024,1
-4.3381114,-8.058952,1
1.4553208,2.056305,2
0.69265676,-3.291121,0
-12.0314665,19.609842,1
-13.848812,9.754489,1
-4.5644526,-6.7614923,1
5.173314,3.2129092,2
-1.9409077,-2.644697,1
15.3113985,15.498764,0
20.192,-10.4986515,2
4.223632,1.5182087,0
-9.670472,13.7960615,1
-6.552397,8.346418,1
-2.3758285,3.077411,1
-5.737902,-9.746793,1
2.40118,7.701175,2
-1.1429255,-1.3898168,1
-7.219278,21.468239,1
-11.156269,7.2230635,1
-3.160047,-2.5931387,2
0.5667835,5.9845037,0
2.6037233,19.611116,1
-3.3953063,-0.107127994,1
-13.270324,2.63282,1
-7.800564,0.5857029,1
1.7171549,-0.84368986,1
-5.1447945,1.8324753,2
-4.28907,5.8744664,1
5.775518,13.376229,2
7.7364073,15.277666,2
2.9589682,12.647233,0
14.782691,9.718282,0
20.224468,8.386537,0
10.678261,2.873697,0
7.390094,-9.114989,2
1.612245,10.776458,1
4.697754,16.733644,0
21.182623,-2.7969942,0
7.6018314,5.557671,0
11.586043,-14.284792,0
14.931043,5.5216565,2
4.1428733,-12.50568,0
0.45688137,8.963238,1
-5.7532806,7.7482023,1
1.6584681,3.329375,1
-4.362782,-8.104773,1
1.4934858,2.0020132,2
10.926218,0.8541485,2
0.97629964,26.066465,2
2.1380806,10.035195,0
4.704272,16.741535,0
21.137497,-2.7530391,0
9.868523,0.12812328,0
7.2620273,-12.961381,0
14.891399,5.536109,2
-0.4669864,-5.414114,1
4.6990876,16.732176,0
21.170897,-2.7778428,0
9.828519,0.15781957,0
7.263488,-12.950413,0
14.848874,5.569787,2
-0.45079184,-5.439975,0
-1.0712272,23.196688,1
5.1252947,11.423121,1
-1.4903821,9.960367,1
-12.766719,-0.5154049,1
-2.5338628,-9.802599,1
-1.9249439,-12.021928,2
-1.8325759,8.284449,2
-7.2192955,21.465836,1
-11.171577,7.210789,1
-3.1513953,-2.595358,2
0.6173123,6.0627923,2
-1.1319528,13.590066,1
-9.693135,10.625295,1
-13.857411,-4.2395825,1
-7.5410795,-3.5820735,1
0.46564993,-10.833839,2
9.39501,-1.242581,1
2.5590613,19.65681,1
-3.151858,-0.3698,1
-8.804973,8.364185,1
-0.050951477,2.159151,1
0.75551265,0.8975611,1
3.1630535,-10.978974,2
-5.8923903,13.684655,2
2.943401,12.630632,0
14.740854,9.686127,0
20.041044,8.19923,0
18.12983,-3.6840363,0
11.244857,7.7449393,0
3.765764,18.231907,0
-10.859949,4.262651,2
5.835878,6.9537635,0
4.7024393,19.02329,2
4.3852096,22.030302,0
15.583527,17.772112,0
26.30314,3.5377028,0
11.284019,1.8715055,0
14.575103,2.9160593,0
5.832644,1.8164904,2
-0.8885655,-4.8965907,1
1.2395247,19.068474,1
-11.877579,4.986378,1
-4.9639115,-9.94336,1
-6.134343,-8.495794,1
-9.4199295,3.8666582,2
-0.8584704,-1.4787561,0
2.903104,19.409998,1
-5.8267374,2.5323684,1
-13.172396,2.398298,1
-1.2683024,1.6055795,1
-6.264687,-0.76516515,1
3.2903328,-11.108903,2
-6.0466795,13.771851,0
5.489012,8.28316,2
13.495576,16.633873,2
2.358587,23.262299,1
0.7328347,9.665306,1
-16.676174,0.5017507,1
-4.326413,-1.6498721,1
-9.059158,-2.1435535,2
-6.2355647,6.329879,1
16.372196,20.278105,0
16.879345,6.0485716,0
5.9772334,-11.333148,2
9.843197,-1.9968884,0
-3.2728121,10.461646,2
6.6199207,12.135896,1
14.639296,11.485138,0
14.964956,-6.517474,0
15.560055,-8.363679,0
9.6085615,-14.217437,2
10.044895,9.432688,2
-0.03202008,8.239308,1
-6.338212,8.142574,1
-2.3959675,3.0469584,1
-5.057593,-8.150445,1
1.468527,2.072249,2
-1.1617696,-1.3845184,1
14.293283,22.07579,0
20.274847,3.5088816,0
9.878725,0.10809242,0
7.275775,-12.943737,0
5.7971945,1.1628534,2
-0.46567848,-5.4252353,1
16.609411,14.069524,2
12.250728,18.679983,0
20.397097,16.003656,0
17.501038,-6.0563645,0
10.068087,12.399778,2
6.3293114,10.567466,0
0.97358894,26.06503,2
2.1423426,10.033244,0
14.901194,8.283304,0
23.656672,3.9173527,0
11.380979,-6.32291,0
9.366926,-10.050935,2
10.741185,10.144539,2
2.1914842,8.895494,2
-0.12026572,15.198364,0
4.693097,19.030508,2
4.3799796,22.026031,0
15.620707,17.733942,0
26.311405,3.5284228,0
11.309397,1.8907844,0
14.579227,2.9224465,0
5.8512645,1.9207785,2
-0.9556597,-4.832103,1
14.139505,13.84258,0
18.013725,4.169873,0
13.692917,-5.072607,0
19.278883,-3.6598628,0
11.596082,7.9256663,0
8.61344,-6.4860277,2
5.932784,6.007547,0
-6.809678,16.096178,1
-0.85130596,20.605711,1
-12.017834,-7.9847217,1
-13.270135,-0.087528124,1
0.75116086,0.8895196,1
3.1568341,-10.971614,2
-5.820565,13.637035,2
20.63534,13.555017,0
22.351803,10.751743,0
9.045497,-5.4165106,2
12.184464,8.984261,0
9.302547,17.47177,0
9.101628,7.9900913,0
8.841305,14.72098,0
19.203024,-3.6998441,0
11.615578,7.941768,0
8.621213,-6.5039077,2
5.9497414,6.0136194,0
9.08936,22.953222,0
19.077414,4.7711663,0
19.974316,8.110113,0
18.057314,-3.6166098,0
21.593544,4.0162663,0
3.7652502,18.227087,0
8.674411,5.901588,2
5.889301,6.9448395,0
4.678557,12.423538,0
13.061594,1.6297951,0
7.124704,-11.799103,2
7.8029714,11.276587,0
4.342419,20.366367,1
-6.5931516,3.1608334,1
-12.549109,-3.3162804,1
-3.081954,-6.315016,2
-0.26085746,-8.218487,1
5.6237073,23.409397,0
22.349207,10.74587,0
9.046241,-5.412788,2
12.226583,9.029846,0
2.688005,14.268459,2
8.073985,8.464235,0
-3.9891896,17.21214,1
7.0790043,-16.795984,2
-5.949432,4.666484,0
9.05127,23.001938,0
17.495657,10.463516,0
19.992048,8.125873,0
18.185299,-3.7248635,0
11.257526,7.764367,0
3.7047346,18.168472,0
-10.890515,4.264258,2
5.8441935,6.8995576,0
10.383033,15.187578,0
16.520874,11.895465,0
10.251656,8.512612,0
16.620996,-13.623917,0
14.530768,-2.643723,2
8.525323,3.478314,2
-12.279934,11.048024,2
-0.006310089,15.771554,2
4.069049,10.792041,1
-4.7239943,-18.21073,1
1.041919,-6.801337,2
5.372091,-2.9186778,2
2.363747,23.265055,1
0.7318505,9.6864395,1
-16.681269,0.5037477,1
-4.28126,-1.6041483,1
-8.971211,-2.2136908,2
1.5138863,-3.554865,1
15.865111,3.8656907,0
17.23332,-4.770401,2
4.290104,4.7208257,2
11.816195,16.11254,0
14.709138,-14.357673,0
12.184813,-6.7435293,0
9.815159,-10.378368,1
7.454994,-5.1595945,2
3.7330377,5.852649,1
1.6753026,23.267677,1
-4.6886396,3.3568707,1
-4.3720145,-3.9814656,1
-8.371058,1.2477382,1
2.1263092,-0.07283553,2
1.567692,-3.6279762,1
-3.9682922,19.381567,1
-4.669962,10.223286,1
-4.5430846,-6.822956,1
5.156266,3.2726285,2
-1.8125994,-2.778043,1
-2.6330864,11.931073,2
1.046553,17.201578,0
-4.0439954,7.1988096,1
-3.449604,2.3303475,2
0.037437346,-9.833594,0
-6.2530136,10.483964,1
-10.680356,-14.485578,2
-6.1020207,4.8124704,0
9.230402,17.542593,0
9.180996,7.915686,0
19.463675,10.886233,0
10.390029,3.2905362,0
7.3958907,-9.113318,2
3.486156,9.359593,2
0.91725093,12.889529,2
-9.140165,19.502243,2
13.248212,12.600786,0
24.126383,7.990754,0
15.639489,-8.226906,0
11.380048,-12.732966,2
0.9635756,7.5344324,2
-6.5743876,1.9662747,2
-0.011003361,15.767685,2
13.974505,18.06858,0
19.29778,1.0920836,0
12.286687,5.314889,2
6.039944,-15.82148,0
12.0945015,10.333208,0
22.362034,9.149339,0
11.091296,-6.128538,0
8.060381,-0.85406727,2
10.494764,9.966617,2
5.5228167,9.414097,2
7.5576997,17.464287,2
-13.307861,12.830205,1
-9.358767,6.778269,1
-7.2421236,-17.710758,2
5.467834,-2.79135,0
6.7204185,14.346405,1
-3.1462383,-0.37499073,1
-8.762059,8.399771,1
-7.90079,0.699766,1
1.7294166,-0.8089099,1
-5.2186804,1.7917681,2
4.306236,-9.162188,2
11.808989,16.112143,0
15.602003,6.752918,0
11.452841,5.9122977,0
9.076335,-8.0436735,2
7.1565557,-1.7558374,1
2.9489877,19.375225,1
-5.8045363,2.5506413,1
-4.382584,-3.9566593,1
-7.825464,0.6096146,1
1.6672974,-0.90313566,1
-4.97499,2.0263753,2
-4.305981,5.886534,1
-4.7650056,13.014455,1
2.4652016,-5.294445,2
-2.6873603,7.7505317,0
2.9736066,19.356821,1
-5.7977576,2.5065238,1
-13.156816,2.362848,1
-1.2997537,1.5998905,1
-6.260139,-0.7412516,1
-4.9680367,2.0306363,2
-4.3135266,5.892264,1
14.016062,18.021942,0
23.659916,-8.873045,0
7.006304,1.1469185,2
13.830255,6.6074142,0
-2.3690715,17.167612,1
-8.950184,10.523945,1
-11.401197,-3.1181808,1
-7.0885463,-3.8699133,1
0.5719795,-10.723399,2
9.462652,-1.3887233,1
2.6038847,19.615564,1
-3.380174,-0.123973876,1
-13.273382,2.6475778,1
-1.2522273,1.6340473,1
-6.2465687,-0.7042194,1
-5.1284485,1.8852392,2
-4.286968,5.869069,1
10.325883,13.902566,0
16.875652,6.047958,0
12.530613,-2.8689258,2
5.5727067,-4.3366957,2
4.7674346,10.354929,2
7.5622754,17.445383,0
-1.1303718,13.581524,1
-9.6894655,10.625748,1
-13.898827,-4.2066407,1
-7.2642903,-3.7680912,1
0.58956224,-10.713973,2
0.53222054,-3.9828587,1
2.2919154,8.894619,2
-0.1937701,14.891556,0
-7.232111,21.48524,1
-8.200344,4.1800857,1
2.6029081,-19.25847,2
7.119553,8.397483,2
-3.241915,10.445104,2
6.729064,12.234296,2
-4.788903,24.439344,1
-10.788455,8.857709,1
-4.244586,-4.084058,1
-8.123037,0.934499,1
-7.5204806,9.472432,2
0.78102535,3.641845,1
-1.3152738,16.417654,1
-16.98979,-4.89018,1
-6.262106,-12.086715,1
2.0192971,-14.217308,2
8.174837,0.023368757,2
3.887024,15.829255,1
-10.470927,1.0506697,1
-8.8340225,-0.72877276,2
5.5813923,-3.4079537,2
9.035575,12.550758,2
9.037521,16.619946,0
-13.897868,15.186627,1
-15.105695,13.695256,1
0.30019677,-6.1213527,1
1.6325054,-12.802098,2
8.351988,0.77217126,1
22.757303,17.150211,0
23.539097,1.2383786,0
11.6564045,5.889735,2
3.690924,-5.6101365,2
3.5015228,5.9211664,2
6.8384786,-5.9911904,0
1.6315446,23.255978,1
-4.7177963,3.3544533,1
-8.305683,-8.356728,1
-7.752174,-1.7863823,1
-11.386736,11.290149,2
-6.4637237,6.602659,2
19.07516,18.38098,0
23.115257,16.028505,0
21.713253,-6.114492,0
22.214027,-4.7472863,2
8.7962055,4.450066,0
16.578236,14.097005,2
2.5689116,15.621251,0
-4.756658,13.019825,1
2.4263036,-5.3583856,2
-2.6781278,7.752674,0
-6.167882,18.50532,1
-7.4979367,8.612436,1
-3.685301,-10.927713,1
-2.8477674,-5.83064,2
-0.5469341,-8.271042,1
7.1963363,18.81064,0
25.216173,-0.5242459,0
0.13280897,-17.956318,2
-5.6502714,14.609805,0
5.504867,8.290814,2
0.99987644,17.102562,2
-4.799126,24.452114,1
-10.869611,8.946621,1
-15.576837,7.9297833,1
-12.746898,-0.5426508,1
1.054157,0.47821474,1
3.8952358,-2.2727966,2
-4.1661925,5.767348,0
8.985844,13.465658,0
19.013285,-9.398296,2
4.0518923,1.8321564,0
2.3984027,7.0319953,0
17.86026,-11.94043,2
7.5528865,6.748656,2
19.4665,2.9277704,1
-2.6514657,3.9498627,2
-6.1324587,4.8444633,0
2.9125574,19.39747,1
-5.765022,2.5843263,1
-13.12621,2.348202,1
-1.2610444,1.6148713,1
1.6200757,-0.94165653,1
-5.0665116,1.9390515,2
4.309662,-9.160059,1
6.72636,14.346952,1
-3.1319206,-0.38997602,1
-8.776499,8.386112,1
-0.0047624153,2.192268,1
0.762462,0.88703793,1
3.1611862,-10.978001,2
-5.8800464,13.647628,2
-4.923221,20.807848,1
-0.85414386,20.635046,1
-12.035182,-7.9646883,1
-7.9490533,0.75126827,1
1.7774845,-0.7145296,1
-5.2887583,1.7475208,2
-4.2309175,5.8265533,0
18.169474,13.432414,0
20.182138,-10.491012,2
13.562685,9.556936,0
3.8967006,15.821139,1
-10.583689,0.8918441,1
-2.3839204,-14.493014,2
5.5342894,-3.239442,0
7.6897907,13.516749,0
22.561718,-3.027696,0
12.140241,-6.7067995,0
9.773542,-10.334046,1
6.7166653,-5.9780874,2
4.7196946,6.1340065,2
5.538883,23.316168,0
23.658445,-8.877375,0
6.9914255,1.1545768,2
13.860533,6.575509,0
5.4257007,20.098255,1
5.112127,11.453511,1
-1.4870979,9.885935,1
-8.284036,1.1237029,1
2.0000052,-0.3345785,2
1.2020044,-3.4304137,2
16.896912,8.56587,2
13.52003,16.613585,2
2.2667775,8.884814,2
-0.100498825,15.218198,0
-8.602435,14.147708,1
-2.5632493,4.8759675,1
-15.087221,-0.39719257,1
-9.493621,5.1580305,1
-0.40572998,-11.717131,2
0.75549686,-2.186972,2
6.5201564,16.220932,0
21.346786,-2.9807627,0
10.126149,6.4534,0
13.556226,-0.6894821,0
5.2773523,-0.69143736,2
7.8513093,3.3153508,0
-6.7817245,12.642568,1
-14.628119,4.9156623,1
-11.702942,-10.563331,1
1.2591943,-8.67371,2
-1.1324722,-8.60569,1
-1.7632041,15.54987,1
-15.726016,-3.385676,1
-9.85517,-9.131726,1
1.4593508,-13.208535,2
-0.9070757,11.8435545,1
3.937028,13.705421,0
18.289553,2.229365,0
20.02525,-0.036213893,0
14.825914,-0.8500023,0
6.393885,-0.63309854,2
3.617333,8.761965,1
14.294853,22.081009,0
20.238632,3.5619607,0
9.851039,0.13548973,0
13.708508,-0.62229586,0
5.4315,-0.8221088,2
7.7208886,3.1666265,0
-8.924315,15.141293,1
-1.8323739,6.0534744,1
-8.646666,-12.433641,1
1.4609584,-14.797142,2
-0.3098615,11.137245,2
11.920181,12.30458,0
24.27064,-3.1886716,0
7.058445,0.60775876,2
-0.9792278,3.193362,0
14.323928,22.777636,0
20.353056,3.2268305,0
10.176779,-0.1552731,0
14.020324,-0.53065604,0
6.8962245,-9.1936245,2
3.5193224,8.714308,2
21.32566,10.3322735,0
16.5803,-2.4150708,0
10.806822,5.790754,0
10.645994,-3.71939,2
3.811639,-4.0326424,0
12.2939,15.922448,0
15.600511,6.747656,0
11.548127,3.5014992,0
10.187008,-10.711341,2
9.312713,1.5758357,0
14.001694,18.02959,0
19.301136,1.0840725,0
12.211848,5.40058,2
4.355625,-5.5194182,2
-0.7997224,8.50373,1
-4.727059,-18.2141,2
-2.059191,-0.3126574,2
-13.244761,12.769922,1
-9.316303,6.7485213,1
3.6446166,-8.126233,2
5.5028906,-2.8064375,0
16.862566,8.59443,2
2.6707942,11.437056,0
14.508621,23.620543,0
15.159894,-10.657935,0
16.611736,4.721334,0
14.46473,2.8074412,0
5.839579,1.5628424,2
-0.7953314,-5.0434284,0
10.239194,14.9913845,0
14.269025,7.71447,0
18.2897,-1.7452545,0
13.123773,-1.0304044,0
5.018892,-0.53395814,2
8.584537,3.47159,2
7.7082667,13.498433,0
22.565834,-3.0356424,0
12.136205,-6.710036,0
9.715352,-10.299731,2
10.778983,10.181093,2
-2.5636573,11.84986,2
0.99603695,17.120739,0
16.98978,25.932138,0
21.95637,5.365017,0
10.683803,5.525186,0
10.588818,-3.6672847,2
3.7947843,-3.9407194,0
-8.957802,15.137286,1
-1.8755696,5.993208,1
-6.0838323,-3.0819666,1
-6.204439,-5.0028305,0
7.179292,-5.454459,2
4.607685,5.9137535,0
9.605601,20.971766,0
15.440723,-4.04466,0
12.923826,-9.256253,0
4.9714317,-7.048854,2
9.255371,1.5219692,0
9.002231,23.077332,0
19.078255,4.763068,0
20.010977,8.149843,0
12.786186,-1.3347201,0
17.068262,1.221692,2
3.897723,3.0043294,0
16.51373,14.161968,2
2.5584965,15.622324,0
5.64057,15.068097,0
13.04041,1.3840182,0
6.6140184,-11.628877,2
5.574909,-4.2743187,2
-10.001309,22.636591,1
-16.448397,9.219157,1
-8.084142,-6.2907586,1
-5.596974,0.37314606,2
-0.6540369,11.504908,2
-0.7878262,8.50712,1
-4.716224,-18.202202,2
5.41817,4.769111,2
18.051449,17.435827,0
23.245935,-0.14912492,0
12.958971,-9.248256,0
5.06406,-6.962296,2
7.2116456,-1.706324,0
-3.6229413,14.19323,1
-8.229465,4.2024875,1
2.5910897,-19.269217,2
0.5469876,5.9493423,0
10.153259,19.523888,0
16.461319,9.779761,0
13.318885,-10.380912,0
15.197629,0.3186446,0
14.879309,-2.3815088,0
6.2401643,-9.459334,2
5.8644876,6.039847,0
-16.89456,5.8053665,1
-15.535548,4.275885,1
-11.117906,-3.3036294,1
2.5933802,-8.705676,1
4.319761,-1.3013616,2
0.7592228,-3.7428446,2
-3.962049,19.373243,1
-13.88133,9.722836,1
-4.5883517,-6.780862,1
5.154155,3.2492466,2
-1.802003,-2.7748697,1
14.1514015,13.853028,0
9.138564,7.947611,0
8.806376,14.719506,0
10.261009,3.2888052,0
11.460997,-0.9105212,2
3.5394065,9.319181,2
7.1273756,18.72818,0
19.834644,-2.5188072,0
0.099425934,-17.988894,2
11.369562,13.097127,0
14.553793,23.566706,0
15.133683,-10.629715,0
12.107188,-11.423329,0
14.4863825,2.8275247,0
5.812008,1.5380569,2
7.619337,2.417369,0
10.357771,15.171898,0
16.538946,11.887708,0
10.2503195,8.5097685,0
15.120788,0.3724134,0
14.749762,-2.4546962,2
4.8035946,-13.316714,2
-3.8551219,14.488815,1
-7.4999037,6.560996,1
1.2493657,-7.0549197,2
7.129494,8.396052,2
6.502049,9.23539,0
7.295997,4.3648667,2
13.61648,9.523246,0
12.455499,21.823296,2
17.127222,13.122002,0
9.065808,15.73863,0
21.646564,5.6937485,0
8.5526085,-2.3215008,0
11.913102,-4.2773237,0
10.710198,-8.172285,2
-0.9289633,-4.047113,0
13.235196,12.604999,0
19.636156,5.9456906,0
10.883037,5.6622887,0
8.421933,-7.86904,1
2.6797595,1.54594,2
13.102347,2.9762907,1
-4.379883,11.894745,2
9.034999,16.617779,0
8.990894,13.461433,0
13.422201,-7.1780677,2
3.861253,7.5388994,2
18.870735,12.934246,0
18.324566,2.2580113,0
20.011559,-0.025828935,0
8.333976,7.534032,0
16.35349,8.015395,2
8.263757,-3.403561,0
-6.6802926,12.677899,1
-14.65624,4.8907175,1
-5.7082148,-3.1941106,1
-5.826088,0.5516387,2
-0.0007821418,11.299014,1
4.3407335,20.367285,1
-6.608945,3.1921196,1
-12.433921,-3.2331133,1
-3.0041087,-6.176904,2
-0.30745682,-8.236242,1
-1.1042908,23.22877,1
5.0779924,11.479849,1
-1.4723583,9.93984,1
-12.7763405,-0.5063817,1
-2.5333695,-9.801656,1
-1.9284917,-12.018487,2
-4.215699,5.809766,0
10.1865,19.493841,0
16.232672,10.014647,0
12.36491,1.7468413,0
13.14411,-5.702917,0
14.879164,-2.3803434,0
6.2516723,-9.453533,0
8.673977,5.932172,2
6.026156,7.032823,1
16.152311,-4.8487024,2
9.123987,-4.4296722,2
-6.8074765,16.09231,1
-0.7764132,20.567474,1
-12.075027,-7.9260798,1
-13.244678,-0.10897103,1
1.73192,-0.7968358,1
-5.3211045,1.7308286,2
-4.2146783,5.805551,0
-1.7156684,15.621667,1
-15.8266945,-3.5140834,1
-9.731572,-9.131215,1
-5.4077516,0.19431698,2
-0.905772,11.846496,1
-10.02074,22.644777,1
-16.445467,9.217596,1
-8.080525,-6.286637,1
2.0581574,-14.228869,2
-0.7938207,11.651183,2
5.2819157,13.08511,2
2.3053432,21.786274,0
-3.4211369,15.902891,1
-4.2267313,4.3924913,2
-7.3373957,-7.4389615,0
5.7836614,13.377789,2
2.549016,15.642747,0
2.3444967,23.262718,1
0.7654428,9.697593,1
-16.6764,0.5051592,1
-4.288134,-1.5995426,1
-8.919997,-2.260537,2
-6.2745466,6.3691564,1
1.0124826,14.6161995,1
-10.990955,9.103824,1
-12.124799,-7.8734393,1
-12.821689,-0.47551468,1
1.0467936,0.48496857,1
3.896152,-2.2966313,2
-1.742486,8.372863,2
-12.229481,11.05208,2
-0.013368786,15.745349,2
5.3923535,14.78369,0
12.8298435,0.8987651,0
6.5182242,-11.61376,2
7.6312027,10.869902,0
7.1906605,18.79467,0
25.227509,2.344443,0
9.08205,-5.4303327,2
12.218227,9.035615,0
-7.217212,21.46646,1
-11.170133,7.204178,1
-3.1343672,-2.5937738,2
0.5409823,5.9522243,0
4.7430263,19.048368,2
5.8365993,21.621918,0
13.246512,12.596255,0
24.126568,7.9917808,0
15.589416,-8.332558,0
11.377978,-12.734427,2
0.98189384,7.5365787,2
16.372707,20.278685,0
16.879166,6.053446,0
5.9839907,-11.341407,2
9.816947,-2.0341964,0
-11.1081915,15.898485,1
-6.8435674,3.4980943,1
-12.512887,-3.2921953,1
-3.126801,-6.3665957,2
-0.19319594,-8.184636,1
18.051277,17.436432,0
23.254936,-0.14763016,0
13.070689,-9.089676,0
5.1727166,-6.900572,2
9.274511,1.5397334,0
11.942706,12.294771,0
24.27083,-3.1900423,0
7.0634494,0.62414443,2
-0.9448622,3.1800394,0
0.47045195,21.620514,1
-6.3424406,8.145718,1
-2.3848648,3.0735552,1
-5.7366405,-9.7509165,1
1.4541422,2.0832076,2
-1.1631429,-1.3903946,2
8.01765,12.386198,0
18.097359,-7.2496576,0
7.328594,0.5395057,2
-0.8210607,3.231185,0
-1.2858081,16.452435,1
-16.999344,-4.900961,1
-6.116599,-3.0682607,1
-5.440239,0.22642785,2
-0.9061078,11.648715,1
13.299263,12.550397,0
19.636597,5.946843,0
15.663957,-8.109241,0
11.376966,-12.738324,2
10.0685835,9.430033,0
5.759183,26.492554,0
7.26092,4.401919,2
2.139037,5.53423,1
-10.960163,13.739153,1
-8.885889,-5.046271,1
1.0674784,-6.8369746,2
5.403418,-2.8480525,0
11.891309,12.342861,0
24.262224,-3.181149,0
7.0675464,0.6088099,2
-0.9662855,3.1952066,0
-5.2905736,9.119139,1
9.801157,-3.1910825,1
-1.6089315,-6.7105002,2
-2.1871486,10.267665,2
15.293398,12.932154,0
21.245441,1.8523005,0
16.521545,-11.190787,2
5.7475824,10.116437,0
9.594939,20.98136,0
15.503791,-3.9776852,0
11.97726,5.700659,2
3.8053625,-5.6011043,1
16.559801,14.111643,2
12.275523,18.705725,0
4.7099204,19.020918,2
4.3902893,22.026817,0
3.9125998,15.803512,1
-10.5344515,0.9864672,1
-8.831827,-0.72335786,2
5.5503354,-3.381538,0
-3.2478697,10.454454,2
6.700635,12.20353,2
5.4354405,14.775395,0
12.847262,0.9258361,0
6.4367814,-11.5613365,2
7.632133,10.862827,0
-1.5584946,7.0130677,2
-3.054772,22.508678,0
19.108765,18.396906,0
23.118553,16.031584,0
21.712084,-6.116084,0
8.378669,-7.6081243,2
1.5280267,7.7495337,0
-9.894103,17.478619,1
-10.753251,0.5397596,1
-2.5658624,-14.31855,2
-0.16579573,0.46252126,1
18.098368,17.481724,0
23.296879,-0.09849499,0
11.7560625,5.864021,2
3.7010608,-5.61345,1
2.3860767,7.0264554,0
17.833471,-11.975183,2
7.531335,6.732542,2
12.443785,21.811901,2
17.122694,13.123455,0
5.759165,26.49177,0
17.852873,-11.942579,2
4.124529,7.263222,0
1.5241411,16.286474,1
2.451748,-5.30388,2
-6.0233026,4.7395897,0
-8.600911,14.094651,1
-2.5712216,4.870241,1
-15.138407,-0.44655302,1
-9.471699,5.104548,1
-0.39607263,-11.7065325,2
0.7536559,-2.2062547,2
-6.5871787,12.696779,1
-14.993273,4.597379,1
-10.26716,-3.5487556,1
1.5471226,-8.661122,2
2.7552886,-3.3756692,1
2.2588332,8.869791,2
-0.19262014,14.887749,0
18.868689,12.929525,0
18.337831,2.2680285,0
8.417525,-2.4183671,0
12.041785,-4.4190164,0
16.336292,7.976944,2
-1.1483399,-4.258098,0
5.19064,13.017434,2
2.3163574,21.794874,0
-2.2660544,18.711529,1
-9.655262,7.6959157,1
-5.210954,-3.4415233,1
-6.204404,-5.0134034,2
3.2147508,-3.6916728,1
7.580371,13.641621,0
22.562681,-3.035728,0
11.143084,5.840311,0
9.056681,-8.079965,1
7.532766,-5.0663433,2
13.148816,2.9197013,2
-3.8579469,14.578679,1
-7.417957,5.9544086,1
-5.4624104,-5.8042493,2
0.3088521,5.40037,0
-0.009656314,8.258829,1
-5.7750587,7.721715,1
-2.8631668,1.5833341,1
-5.0518317,-8.152176,1
3.3858335,-0.5374347,2
0.8527944,-3.60169,1
-3.237852,10.439206,2
6.5370173,12.0733595,2
5.5547247,9.385446,2
7.5537796,17.464384,2
5.588486,8.406927,2
11.844914,17.111732,2
9.023781,23.007442,0
17.58506,10.554308,0
18.213823,-1.6490891,0
12.792809,-1.328817,0
17.05747,1.2216666,2
3.9012115,2.9438345,2
-3.8638215,14.492061,1
-7.5211315,6.5984526,1
2.5988138,-19.264189,2
0.39228833,5.5256443,0
-3.2510355,10.444322,2
6.5874276,12.109982,1
15.855541,3.8455257,0
17.850088,-11.925789,2
4.350265,7.025569,2
-1.9573756,15.2633295,1
-15.650095,-3.2996082,1
0.28596398,-6.105801,1
-5.4077,0.18864916,0
7.1163692,-5.5198426,2
4.488692,5.4536834,0
2.9057813,19.40563,1
-5.839606,2.5003085,1
-13.168056,2.395789,1
-7.801699,0.58467233,1
1.6184937,-0.9496043,1
-4.9258213,2.0568461,2
-4.2821417,5.860753,1
-1.7632314,15.55368,1
-15.72911,-3.3892422,1
-9.928237,-9.130496,1
1.4399865,-13.170858,2
8.243915,0.50474536,2
9.000227,13.462375,0
19.018143,-9.399443,2
4.0314984,1.8498333,0
-12.729019,17.389349,1
-14.601574,2.7697928,1
9.301555,-15.699562,2
0.6372106,6.1110406,2
-2.6371808,11.94699,2
12.290225,18.720663,0
-3.9268978,17.155851,1
7.13306,-16.843456,2
5.2641306,5.583021,2
10.352124,15.166485,0
16.501348,11.853719,0
10.260304,8.511519,0
15.153533,0.35388303,0
14.844257,-2.387927,2
4.844257,-13.354171,2
-10.967111,13.737118,1
-8.898335,-5.0406446,1
-1.6100285,-6.6882358,2
-1.2168827,5.0309024,2
12.443411,21.812077,2
2.2433715,21.730822,0
-3.7245452,3.251218,1
-10.235767,-5.90849,2
-5.938439,4.65427,0
16.635654,14.041458,2
2.5461645,15.640994,0
-9.99945,22.633753,1
-16.452139,9.222817,1
-6.259757,-12.08311,1
2.048774,-14.189614,2
8.683555,-11.948417,2
-1.134596,13.573615,1
-9.734105,10.599414,1
-13.84826,-4.233805,1
-7.5221343,-3.6043348,1
4.349438,-1.3324467,2
0.3304803,3.8929362,2
0.5101883,8.943375,1
-5.7486343,7.758313,1
1.6655227,3.333999,1
-4.3763313,-8.0808325,1
1.4023793,2.0456512,2
10.989412,0.91963404,2
-3.959313,19.371906,1
-4.671945,10.2223015,1
-5.927914,-3.140109,1
-5.7323194,0.49680784,2
3.211349,-3.6645668,1
14.986243,17.137934,0
17.915415,7.0721893,0
15.926521,-7.606711,0
17.923893,-0.07150431,2
1.464373,7.7198415,2
15.862325,3.8485265,0
17.849741,-11.921892,2
7.5357313,6.7313294,2
22.082539,12.474167,0
19.829374,-2.5168507,0
2.2097213,-10.148694,2
11.374511,13.0847025,0
-13.871176,15.196061,1
-15.090463,13.693296,1
1.3674412,-7.1839023,2
7.053469,8.502782,2
10.9821615,18.19454,0
14.843006,9.773137,0
19.487494,10.915323,0
18.616604,-3.859292,0
11.3155985,7.803291,0
6.279836,-9.465002,1
6.711447,-6.536004,2
5.7579474,6.7649937,2
-9.810072,12.738263,1
-7.6469684,5.2721953,1
-8.836354,-0.7261046,2
0.068832144,5.1187906,2
-10.004292,22.638687,1
-16.446712,9.220368,1
-8.086005,-6.2911882,1
1.9808164,-14.232209,2
8.684763,-11.943718,2
18.163946,13.388424,0
20.185692,-10.493284,2
2.1351204,5.524377,1
5.7500257,13.36536,2
7.7338176,15.271691,2
4.722215,19.033087,2
4.3875422,22.02791,0
-3.5816774,14.145037,1
-8.232703,4.2244134,1
2.5824301,-19.279367,2
0.5604051,5.9635057,0
7.156867,18.766987,0
25.216242,-0.52331394,0
0.11287016,-17.975056,2
-5.6557817,14.604719,0
9.0454,12.56152,2
1.0561972,13.804186,0
-5.9775023,18.30769,1
-5.86532,-2.1038191,1
-3.6800485,-10.928267,1
-2.8254774,-5.7863235,2
-0.94622713,-8.429139,1
-10.001422,17.58509,1
-3.7119503,-5.0756416,1
-2.6165855,-14.26604,2
-0.1794292,0.4400764,0
-3.065101,9.120226,1
7.133611,-16.843187,2
9.240536,9.550805,0
9.030334,12.563906,2
1.0611295,13.795427,0
6.513546,9.2303505,0
7.208076,4.438415,2
4.0934224,7.3011265,2
-5.1973915,9.2054205,1
9.888671,-3.1052985,1
-7.2603993,-17.72955,2
-2.195248,10.275094,2
22.08678,12.472641,0
19.82633,-2.5183084,0
0.1277946,-17.960947,2
11.367499,13.09567,0
14.078336,13.779685,0
18.01369,4.1730895,0
13.702083,-5.069837,0
9.734298,2.8579876,0
11.3951645,-0.8384948,2
13.166612,10.927191,2
4.0606184,12.600399,2
6.66565,-6.738592,2
14.511323,23.63293,0
15.151331,-10.648988,0
16.586462,4.694836,0
14.427214,2.7612267,0
5.73096,1.3433524,2
-0.8194901,-5.0112476,0
-13.345248,12.862918,1
-9.397839,6.829025,1
3.647797,-8.054558,2
5.513373,-2.8056395,0
7.5422564,13.688597,0
23.644423,3.9070098,0
11.365109,-6.3219514,0
9.339682,-10.019178,2
7.0620737,-1.8441281,2
2.466086,14.503844,2
8.055155,8.492864,0
0.4721513,8.961478,1
-3.9166524,8.776898,1
1.678632,3.315217,1
-4.366038,-8.091131,1
1.414784,2.0978005,2
0.69248194,-3.304696,0
2.3966823,7.0301704,0
17.857424,-11.940636,2
7.541196,6.7624183,2
6.851255,16.49224,0
23.596943,11.588632,0
9.921956,4.8713083,0
11.82157,-15.078975,0
14.075103,-3.0432665,2
8.093528,3.4531834,2
17.935461,15.226565,0
18.410854,8.907518,0
10.067404,12.394658,2
5.8039775,10.160065,0
17.932758,15.169249,0
18.41001,8.904102,0
12.532861,-2.8145242,2
5.556801,-4.3609514,2
16.976648,25.91905,0
21.947157,5.342746,0
3.9731321,0.5714246,0
11.6986685,-4.0492034,0
6.3498845,-0.6554849,2
13.435574,5.8234034,0
4.680954,12.434632,0
13.035854,1.5868337,0
12.510945,-2.8720858,2
5.582083,-4.286991,2
-3.9635396,19.374632,1
-4.6659617,10.2156,1
-4.55387,-6.82173,1
5.158451,3.2374034,2
-1.8069562,-2.772709,1
6.6386614,16.306477,0
23.521097,2.6399484,0
21.180483,-0.8455427,0
11.812172,-15.088369,0
15.428438,5.261398,2
8.017027,3.4162915,2
-9.863888,12.68643,1
-7.526866,5.3997216,1
-5.4101424,-5.824815,2
0.14071842,5.2189364,2
8.00916,12.381363,0
18.061987,-7.2055607,0
7.2958455,0.46480215,2
-0.86421514,3.2144608,0
18.062468,17.446121,0
23.278717,-0.1275521,0
13.082126,-9.077019,0
5.1827517,-6.8917136,2
7.2076697,-1.7160343,2
2.00844,23.188416,1
0.72606343,9.654606,1
-3.8717873,0.9703541,1
-4.1533923,-1.4564909,1
-8.91233,-2.2694194,2
-6.4397817,6.5769663,1
14.878575,8.315864,0
23.65918,3.9241567,0
11.394959,-6.330785,0
9.360614,-10.044164,2
10.700136,10.108702,2
20.406866,16.011944,0
19.443058,-6.9975224,0
2.1394627,-10.085353,2
11.354161,13.08886,0
-6.7685733,12.656327,1
-14.613963,4.9291873,1
-11.697152,-10.555819,1
1.2552943,-8.676973,2
-1.158499,-8.619466,1
-6.868776,11.501434,1
-3.6546113,-5.165508,1
3.196071,-7.4171467,2
2.8283913,3.8074772,2
-12.010963,19.629625,1
-13.8801365,9.723558,1
-11.422208,-5.920021,1
9.043515,6.6936765,2
-0.22927372,11.147845,0
0.8759462,20.800934,0
11.731966,-17.630304,2
2.260786,5.6366353,0
2.1029687,13.125546,1
-9.371513,6.797471,1
3.627622,-8.093674,2
3.126749,4.115465,2
11.911951,12.319938,0
18.119627,-7.2633023,0
7.2795787,0.4792315,2
4.2361383,-5.5909724,2
22.75306,17.162418,0
23.536924,1.239021,0
11.716812,5.830236,2
3.6901605,-5.6112037,2
3.4575915,5.953391,2
6.833508,-6.011006,0
-4.7844334,24.434492,1
-10.809516,8.881212,1
-15.478297,7.8292823,1
-12.7290125,-0.56139576,1
-2.4863017,-9.833408,1
3.8926306,-2.2946126,2
-1.8788017,8.311809,2
2.5548072,17.540565,1
-11.759362,4.868969,1
-8.29918,-8.350513,1
-6.1447988,-8.498995,1
-9.410919,3.8302307,2
-0.8522474,-1.4498278,0
16.975391,25.91785,0
23.162678,16.075823,0
21.710716,-6.1191874,0
22.213337,-4.7532167,2
8.791668,4.4478498,2
-9.653638,13.802122,1
-6.638833,8.445413,1
-5.028384,-9.984323,1
-6.0841737,-8.551472,1
-9.421771,3.8489537,2
-0.9332362,-1.4230207,1
-2.3666024,17.16222,1
-8.9708605,10.526925,1
-11.293617,-3.2122118,1
-7.0874567,-3.830743,1
0.60233307,-10.7002735,2
9.472422,-1.3592643,1
2.1023955,13.122315,1
-12.368899,6.532358,1
3.242917,-7.5262628,2
2.9070802,3.886663,2
-16.911066,5.8078704,1
-15.553172,4.1694465,1
-10.776128,-3.4744635,1
2.5401945,-8.646684,2
2.909882,-2.9418724,1
6.8178105,16.457232,0
23.536215,11.52763,0
9.907292,4.858444,0
13.162989,-1.0023749,0
6.9795203,-9.201804,2
3.6127439,9.047233,1
-8.555012,14.107245,1
-2.9127421,4.7403445,1
-7.7458215,3.1070175,1
-9.470985,5.137387,1
-0.36651188,-11.6720705,2
0.7527004,-2.1900835,2
-1.9479326,15.277771,1
-15.669613,-3.3225389,1
-9.886996,-9.130915,1
1.4653527,-13.095384,2
8.259249,0.5266877,2
-3.3756757,12.94729,1
-9.706958,7.669021,1
-5.291541,-3.4045374,1
-9.320626,2.585497,1
4.2908344,-1.2802492,2
0.53464836,-3.9764428,1
12.450806,21.820206,2
17.128756,13.11446,0
9.059832,22.991026,0
17.54897,10.521238,0
18.24898,-1.7010593,0
12.826436,-1.2994491,0
17.067913,1.215152,2
3.9596262,3.042401,2
20.386204,15.991155,0
17.492777,-6.0243134,0
2.1729512,-10.101453,2
6.357994,10.577708,0
11.930155,12.293494,0
24.261734,-3.1813452,0
12.106264,5.5508237,2
4.244054,-5.585775,2
0.78991956,12.712196,2
-2.7187748,-7.5007772,0
-6.6057754,2.0002592,2
-0.00833765,15.763643,2
20.37699,15.986089,0
17.502886,-6.042218,0
2.2032473,-10.057768,2
6.377451,10.559178,0
-1.7129836,0.36254755,2
12.212221,14.102709,0
-2.3828247,17.167227,1
-8.998684,10.521387,1
-5.414827,-3.340062,1
-9.328172,2.5968993,2
-0.8124963,11.743912,1
7.577938,13.644863,0
22.619614,-3.0765412,0
11.623999,-6.4433703,0
9.522645,-10.169067,2
10.74932,10.152589,0
6.6428995,16.307636,0
23.516275,2.6422467,0
21.176998,-0.84334433,0
11.7849,-14.705084,0
15.376682,5.280928,2
4.4267387,-12.911114,0
1.657397,16.421263,1
4.2812505,-16.282879,2
-2.6973839,7.742817,0
3.8288085,15.750541,1
-10.504025,1.0109429,1
1.0110404,-6.7763877,2
5.6180463,-3.495808,2
10.220155,19.461369,0
16.248478,10.003848,0
12.357734,1.7582242,0
13.138079,-5.720133,0
21.605228,4.0265775,0
6.2199354,-9.482425,0
8.646247,5.9112506,2
6.0617495,7.0954094,1
16.129412,-4.8289623,2
9.118806,-4.4247932,2
13.887989,15.596925,0
21.375532,5.9500895,0
8.423551,-2.4200785,0
12.025829,-4.401661,0
16.30907,7.861244,2
-1.095762,-4.203201,2
-4.8164353,24.465544,1
-10.846825,8.919856,1
-4.285422,-4.043339,1
-8.118518,0.9309844,1
2.020138,-0.32108837,2
0.77656144,3.6203964,2
20.615473,13.576187,0
25.224985,2.3449614,0
9.081201,-5.420005,2
12.222464,9.026376,0
19.09875,18.349453,0
23.099659,16.01185,0
21.713797,-6.1156745,0
22.214233,-4.7477474,2
8.8006,4.463894,1
-6.200514,18.539543,1
-7.4956536,8.6121435,1
-3.6986487,-10.915171,1
-2.9347208,-6.0119166,2
-0.50587195,-8.299496,1
-5.431163,22.651188,1
-3.9324937,8.768571,1
1.6730875,3.3103092,1
-9.40176,5.074243,1
1.3554474,2.1783967,2
10.946613,0.86871904,2
3.0208979,10.510505,0
21.083786,-2.6938086,0
7.5769854,5.5927887,0
11.581228,-14.277713,0
15.117525,5.428346,2
4.2230463,-12.616561,0
7.155788,9.43148,2
7.020735,20.393553,0
15.876599,3.8225887,0
11.753072,-17.651491,2
4.3264475,4.7836347,0
-1.714585,15.620391,1
-15.747417,-3.413515,1
-9.822375,-9.129874,1
1.4896914,-13.274771,2
8.231929,0.4394595,2
4.3797927,20.322834,1
-6.8962684,3.5392869,1
-12.519721,-3.2986486,1
-3.1097825,-6.3362117,2
-0.18176962,-8.178045,1
3.991001,13.761075,0
26.704468,3.2413566,0
11.117043,1.7510387,0
8.386722,7.574062,0
5.89126,2.1099865,2
-0.99023336,-4.7669396,0
1.6706969,16.439186,1
4.262128,-16.308922,2
-7.334017,-7.417603,0
15.37792,15.560816,0
13.4586735,-7.210469,2
4.148828,1.7201841,0
12.087281,10.355262,0
22.363878,9.145606,0
11.088485,-6.1253943,0
8.0896635,-0.83537424,2
10.491112,9.945269,2
-1.0587751,23.185596,1
5.111397,11.461157,1
-1.4894696,9.919891,1
-4.4804544,-1.8146322,1
-2.5468318,-9.7906885,1
-1.9259865,-12.021657,2
-1.8765616,8.208294,2
-6.500728,12.721575,1
-15.294513,4.369681,1
-10.349449,-3.525325,1
2.3196087,-8.496893,2
2.7852473,-3.1904662,1
-13.897527,15.185938,1
-15.105964,13.700305,1
0.2770231,-6.1006165,1
1.5840422,-12.863253,2
8.363487,0.78378195,1
-11.991623,19.651283,1
-13.858552,9.747136,1
-11.446065,-5.9478545,1
1.4447405,-14.814846,2
-1.9064063,-2.6787195,1
19.068214,18.384514,0
23.12244,16.035103,0
15.901058,-7.4441333,0
17.880552,-0.02740771,2
8.810181,4.4685154,2
-3.8961077,17.126457,1
7.1750526,-16.885893,2
9.222564,9.637827,0
5.4169974,14.809781,0
12.865456,0.9547193,0
12.525784,-2.8513627,2
5.9968824,-15.773961,2
20.614784,13.563553,0
25.226606,2.343621,0
12.88375,-3.3433166,2
4.7218013,-5.257425,2
20.384705,15.993337,0
17.467716,-6.007593,0
10.071869,12.4018955,2
6.33813,10.580525,0
8.085354,20.906256,1
-2.4305708,4.8842416,1
-5.0357547,-3.5283804,1
-9.263805,2.5156393,1
3.546637,-0.74879855,2
0.73012614,-2.36184,1
3.9136147,15.798831,1
-10.461799,1.0588412,1
-8.835373,-0.73027915,2
5.5446415,-3.2619088,0
19.29518,7.1414747,0
14.776935,-5.5084677,0
12.0921,-11.406786,0
14.355893,-0.5566459,0
6.073196,-0.90748966,2
3.5758235,8.634189,2
-16.87471,5.773039,1
-15.537508,4.19318,1
-10.635671,-3.5492144,1
2.3743916,-8.543733,2
2.8812985,-2.9815722,1
7.998176,12.403312,0
18.062485,-7.2056007,0
7.3041577,0.8165668,2
-0.85809684,3.1921227,0
5.5866876,9.339772,2
5.8117423,21.618937,0
-12.263243,11.065559,2
-0.035947658,15.522437,0
4.731893,10.40098,2
7.565291,17.44526,2
6.8308544,16.469784,0
23.532677,11.522126,0
9.942829,4.8846865,0
11.8292885,-15.103561,0
14.047894,-3.0738847,2
4.4981184,-12.992829,0
-3.3728142,12.944824,1
-9.68366,7.7017565,1
-5.2237096,-3.4427104,1
-6.210396,-5.0113015,2
3.2100437,-3.6753962,1
10.9696665,18.195524,0
16.487724,-0.06268426,0
19.517647,10.94308,0
18.98615,-3.8462362,0
11.576442,-1.2399721,2
13.22506,10.95219,2
4.052429,12.632246,2
6.6906557,-6.7085457,1
-16.95568,5.8665595,1
-15.530976,4.2458415,1
-11.12744,-3.2919416,1
2.551274,-8.654239,1
0.61627495,-10.686336,2
0.7615763,-3.7164915,2
10.206117,14.930007,0
14.253747,7.784862,0
9.185051,11.589207,0
16.618605,-13.622904,0
14.406674,-2.7219555,2
4.8183136,-13.329969,2
4.706524,16.727201,0
21.189278,-2.7997093,0
7.6121693,5.5594263,0
11.547465,-14.217146,0
14.950539,5.5173583,2
4.16812,-12.541123,0
-5.2450185,9.155848,1
9.810375,-3.19752,1
-1.5635256,-6.6276746,2
-2.2080443,10.269013,2
14.082819,13.783005,0
18.016207,4.1525583,0
18.130074,-1.5126418,0
9.748399,2.8592577,0
11.365316,-0.80463386,2
13.158484,10.9245,2
6.715375,-5.826707,2
6.669939,-6.748739,2
20.404726,16.011438,0
19.45081,-6.9929533,0
12.551765,-2.8686733,2
5.004192,-5.005517,2
-3.423933,15.89979,1
-4.2310333,4.3723874,2
-0.7694489,6.923694,0
15.341565,12.896454,0
21.258705,1.8374768,0
7.203019,-11.855708,2
7.814553,11.295275,0
10.958376,18.202902,0
16.47714,-0.07151419,0
19.569544,10.995861,0
19.002287,-3.852415,0
11.409422,7.884649,0
8.634607,-6.5503283,2
5.9013085,6.0346494,0
10.976859,18.196596,0
6.5170703,3.5545676,0
19.44592,10.863392,0
10.455443,3.1692154,0
11.60276,-1.2936583,2
13.17703,10.898675,2
4.027438,12.643441,2
6.661537,-6.762309,1
-9.759286,12.788309,1
-7.496753,5.496311,1
-5.370472,-5.85094,2
0.14126222,5.220111,2
-12.255031,11.067752,2
0.03242794,15.8512,2
0.8776602,20.800323,0
11.744881,-17.643072,2
4.5073404,6.9182334,1
5.5644126,23.33656,0
23.657677,-8.876768,0
12.259674,5.3528695,2
4.615618,-5.349263,2
14.004263,18.030308,0
19.300232,1.0871454,0
7.2887306,0.8298951,2
13.781677,6.5627418,0
-3.5968146,14.1709585,1
-7.507155,6.594489,1
2.6020572,-19.258757,2
0.4604412,5.7207146,0
9.032105,12.567588,2
9.044703,16.62828,0
13.881091,15.603441,0
21.34167,5.990232,0
8.469995,-2.3574364,0
11.982571,-4.34669,0
16.290785,7.8267865,2
-0.9269591,-4.0404305,0
-4.750395,24.400717,1
-10.829517,8.904498,1
-15.5366535,7.8894253,1
-12.743266,-0.53673196,1
-2.4818785,-9.828777,1
3.8907785,-2.2980044,2
-1.811173,8.305669,0
6.559819,16.243362,0
21.339485,-2.9694297,0
21.158264,-0.8138474,0
11.744768,-14.596361,0
15.376789,5.282467,2
4.3614273,-12.827475,0
4.654472,10.497798,2
7.5906935,17.427011,2
4.721764,19.030767,2
4.379494,22.030369,0
-4.040918,7.1937838,1
-3.444847,2.3254557,2
-1.9926124,-0.38226664,0
-4.4156866,11.924013,2
0.10457434,18.316467,0
7.1746798,18.791847,0
18.348621,12.003491,0
0.29877496,-17.794855,2
4.923627,-5.085267,2
12.042818,10.623838,0
17.826046,-9.656844,0
16.035173,-8.8903265,0
8.797635,-8.153268,2
3.8425992,-4.077089,0
12.055168,10.746209,0
17.85252,-9.686781,0
15.9759035,-8.807893,0
9.708374,-14.15845,2
10.405128,9.895512,2
4.686339,12.415237,0
13.03019,1.5874922,0
7.1368117,-11.836462,2
5.572216,-4.321561,2
2.93989,12.625494,0
14.834293,9.658408,0
18.212234,-1.6452812,0
10.645006,2.907103,0
11.636213,-1.3487221,2
3.8128614,2.9850674,2
-9.652351,13.807342,1
-6.631079,8.426727,1
-5.0237303,-9.985716,1
-6.062574,-8.57243,1
-9.417216,3.8440685,2
1.4072154,-3.6698115,1
10.48483,15.31035,0
16.465082,9.778098,0
13.317301,-10.370792,0
15.19908,0.33442137,0
14.928338,-2.3242793,2
4.779507,-13.291027,2
0.85336226,12.816831,2
-9.088453,19.523088,2
-13.337113,12.843927,1
-9.355659,6.77696,1
3.6224685,-8.082946,2
3.1110213,4.0993166,2
14.491359,23.682703,0
15.131528,-10.625195,0
16.548464,4.6671214,0
14.428307,2.7590985,0
5.751931,1.3324641,2
-0.8179798,-5.0154653,0
8.001667,12.385623,0
18.067034,-7.2132196,0
7.272342,0.5037303,2
-0.8575615,3.2115035,0
14.330697,22.862188,0
20.404543,3.2677236,0
10.202114,-0.17652942,0
14.150316,1.4785812,0
5.7459073,1.2440966,2
7.6593795,2.535721,0
-8.076717,11.669494,2
-3.0572472,22.509096,0
-10.035977,22.671133,1
-16.883514,-4.775766,1
-6.253175,-12.076969,1
2.0289392,-14.231734,2
8.195756,0.053323112,2
-3.9334657,19.34899,1
-4.6893005,10.199647,1
-4.6116576,-6.7488008,1
5.149275,3.235188,2
-0.12291552,11.149957,2
-6.0073814,18.337484,1
-5.851265,-2.0113802,1
-11.695513,-10.553509,1
1.1747109,-8.747637,2
-1.0838612,-8.561834,1
5.535941,9.403592,2
7.5560884,17.459873,2
7.9983234,12.382838,0
18.034508,-7.179792,0
7.2570233,0.5129194,2
-0.8564424,3.2138014,0
-9.037297,15.067966,1
-1.9143718,5.963333,1
-8.636227,-12.421501,1
1.5048329,-14.748124,2
-2.0346274,-2.529974,1
-9.81616,17.412123,1
-10.735025,0.57525647,1
-2.5506403,-14.333901,2
-0.15220144,0.47912225,0
10.191665,19.493189,0
16.204987,10.044265,0
18.268589,-1.7204875,0
12.898902,-1.2315619,0
17.05074,1.24909,2
3.9181566,2.9995635,0
9.080034,23.009892,0
17.536594,10.507641,0
20.023579,8.157303,0
18.158186,-3.6914155,0
11.262686,7.757664,0
3.7633362,18.2234,0
-10.89804,4.2249417,2
5.85484,6.9285665,1
-6.5200067,12.687111,1
-15.316085,4.347871,1
-10.473758,-3.5235984,1
-5.7451615,0.47767538,2
-0.08437655,11.360735,2
-0.7838745,8.498321,1
-4.701349,-18.190435,2
-2.0421379,-0.3257422,2
-1.0134846,23.140219,1
5.122774,11.4306965,1
-1.5041982,9.94324,1
-8.20353,1.0301188,1
-7.533564,9.475893,2
0.733154,3.5796008,2
11.904519,12.324382,0
18.063082,-7.209568,0
12.172929,5.4569454,2
4.2739544,-5.566128,2
10.183515,19.49342,0
16.262726,9.985966,0
13.316795,-10.372463,0
15.207324,0.3219184,0
17.053507,1.2359796,2
3.911925,3.0158346,0
-3.895799,14.54043,1
-7.4168787,5.9857984,1
-5.463533,-5.8159165,2
0.36829782,5.4984093,0
-13.897483,15.184782,1
-15.105256,13.697822,1
9.342986,-15.770537,2
0.6402898,6.165593,2
-6.1946917,18.534971,1
-7.4888678,8.614565,1
-3.6714377,-10.942175,1
-2.8018806,-5.7092404,2
-0.5112438,-8.308566,1
19.100235,18.392176,0
23.10595,16.01517,0
15.892396,-7.4527,0
8.366723,-7.594709,2
3.7648337,-3.9753754,0
4.6643543,16.766584,0
21.127035,-2.7364388,0
10.190524,6.3900685,0
13.640855,-0.64386016,0
6.9289517,-9.187526,2
1.5976422,10.799691,1
12.327109,15.904766,0
15.603371,6.7539845,0
11.564336,3.5124664,0
10.161645,-10.68304,2
9.350311,1.6138616,0
2.5025265,14.446355,2
6.9888334,23.7889,0
9.063486,15.740316,0
21.677105,5.6543965,0
8.524056,-2.3458009,0
11.773169,-4.1223774,0
6.331994,-0.68000793,2
13.434092,5.823958,0
15.846929,3.752126,0
17.2157,-4.7479644,2
4.301471,4.759411,2
-1.064034,23.190916,1
5.1072607,11.452936,1
-1.5080681,9.861936,1
-4.4179406,-1.7550442,1
-2.5688393,-9.769842,1
-1.9248352,-12.022254,2
-1.8668399,8.216062,2
5.5188217,9.38514,2
7.5459433,17.468359,0
6.8601613,16.49893,0
23.559383,11.551865,0
21.147354,-0.8198886,0
11.842397,-15.083713,0
14.066414,-3.0500977,2
4.5209727,-13.015271,0
6.4971724,9.215916,0
7.2624326,4.4037657,2
13.618035,9.527308,0
14.31572,22.760464,0
20.40439,3.2497263,0
10.210018,-0.12961581,0
14.114821,1.4433362,0
5.72956,1.2218773,2
-0.6115942,-5.25775,0
0.8704354,20.79909,0
11.759125,-17.657093,2
4.3281784,4.8453937,2
2.5411482,17.539515,1
-11.784578,4.898399,1
-4.4683733,-3.902395,1
-8.631518,1.612791,1
2.2946851,0.044617746,2
1.6098919,-3.6748774,1
16.556065,14.123956,2
12.260046,18.685556,0
3.9346619,13.707426,0
26.769876,3.1948714,0
11.097267,1.7132826,0
8.343077,7.547407,0
5.963239,2.246637,2
-1.1825864,-4.3935714,0
4.0876427,10.797846,1
-4.7161236,-18.20481,2
5.4156528,4.796894,2
0.9702412,12.950454,2
-9.137042,19.547703,2
5.758699,26.492228,0
7.265129,4.3901777,2
1.838157,5.267105,1
-9.89096,17.47651,1
-10.712397,0.5848045,1
1.14423,-6.9245534,2
5.6303535,-3.1309705,0
17.96829,15.173449,0
18.41006,8.90486,0
16.515316,-11.183585,2
5.7960863,10.1578665,0
-16.878479,5.780765,1
-15.502647,4.2007613,1
-10.6375885,-3.5475674,1
2.3453958,-8.500691,2
2.7899,-3.1046548,1
19.067846,18.35934,0
17.923746,7.093028,0
15.908893,-7.5805535,0
17.881187,-0.028577048,2
1.5248427,7.7427807,2
-9.660291,13.809678,1
-6.6351585,8.434279,1
-5.043112,-9.999309,1
-6.114721,-8.518622,1
2.3939922,7.712344,2
-0.9964702,-1.4141265,2
-4.7786794,24.42939,1
-10.825673,8.897704,1
-15.538062,7.891224,1
-12.791208,-0.49217102,1
-2.498038,-9.82399,1
-5.3136945,1.7290436,2
4.306877,-9.163996,1
-5.208987,9.187513,1
9.894203,-3.1197352,1
-7.262306,-17.730492,2
3.4918938,4.272419,2
2.9700434,12.605846,0
14.769615,9.738453,0
20.206413,8.369967,0
10.680438,2.863166,0
11.634573,-1.3622626,2
3.7616398,2.9232147,2
18.874008,12.925303,0
18.353292,2.2861576,0
20.027431,-0.042746466,0
8.306856,7.5715685,0
16.345694,8.01125,2
-1.1469716,-4.271275,2
21.314737,10.34519,0
16.577017,-2.4186358,0
15.896598,-8.688007,0
9.694881,-14.14416,2
10.3294935,9.805836,2
-2.4025962,18.566017,1
-6.00468,9.230733,1
-14.924453,-0.23875399,1
-7.809068,-4.6845202,1
0.0066546905,-11.244896,2
9.524846,-0.91446865,1
4.7141747,12.437451,0
13.062116,1.5729234,0
7.157828,-11.85071,2
7.7330546,11.129165,0
2.2590396,8.877087,2
-0.18435287,14.912924,0
-11.995493,19.644924,1
-13.860869,9.740111,1
-11.4945345,-5.9934664,1
1.4555153,-14.800215,2
-1.8972623,-2.691505,1
10.596002,11.571976,0
24.276436,-3.191096,0
16.150232,1.8347645,2
14.375259,4.2577033,0
10.370053,15.186558,0
16.52214,11.891456,0
10.244407,8.530293,0
15.15568,0.35853407,0
14.699123,-2.5019617,2
4.835331,-13.348936,2
19.462662,2.9306917,1
-10.507258,-1.3516469,2
5.359689,4.922929,2
0.8646508,12.82993,2
-2.7092853,-7.5148253,0
5.31919,19.00102,2
4.3844714,22.031427,0
14.48711,23.555548,0
15.134632,-10.624881,0
16.583288,4.692287,0
14.102023,-0.5019524,0
6.0019827,-0.93070924,2
7.6585574,2.4470327,0
19.47609,2.9180312,1
-10.531802,-1.357839,2
-4.496265,-12.9028225,0
19.44838,2.9224627,1
-2.644525,3.9614012,2
-4.4957695,-12.90441,0
2.9135425,19.425611,1
-5.80261,2.528954,1
-13.172314,2.3839097,1
-1.2980258,1.5788963,1
-6.2601495,-0.7440376,1
3.2687829,-11.090683,2
-6.039139,13.784921,0
10.318834,13.879448,0
23.258793,5.701033,2
4.0567684,1.8270042,0
0.9770822,14.645636,1
-10.814139,8.883044,1
-15.515042,7.8660555,1
-12.77418,-0.51545954,1
1.0823094,0.44359508,1
3.895453,-2.2835288,2
-1.7862148,8.333503,2
12.308148,15.917014,0
23.544353,1.2478796,0
11.589854,5.9247494,2
3.656645,-5.6106424,2
3.5043364,5.915084,2
6.8648434,-5.947657,0
1.9874394,23.221647,1
-4.7090077,3.3770347,1
-3.835181,0.9602808,1
-4.133019,-1.4469153,1
-11.376312,11.304403,2
-6.367989,6.4860373,1
-10.090599,17.672247,1
-3.6715808,-5.1317935,1
3.1552606,-7.2584553,2
5.683914,-2.9240484,2
-4.7655587,13.016729,1
2.4319186,-5.305831,2
-2.6785598,7.751827,0
9.018338,22.950645,0
17.550697,10.517197,0
20.026497,8.159601,0
12.764713,-1.3607236,0
17.052994,1.217459,2
3.8623338,2.943107,2
7.538663,13.682074,0
22.601414,-3.0592723,0
11.5374155,-6.401847,0
9.510312,-10.161937,2
10.780749,10.199623,0
-5.4286857,22.650036,1
-3.9239106,8.786187,1
-7.739422,3.1283476,1
-9.432204,5.1014414,1
1.3557302,2.1810534,2
10.889813,0.81275165,1
22.757708,17.15034,0
23.525715,1.2724867,0
11.558267,3.513766,0
10.156108,-10.679026,2
7.1673408,-1.7377898,0
-8.998827,15.22295,1
-1.8312685,6.0511966,1
-8.645826,-12.429751,1
-5.630688,0.41545913,2
-0.39084637,11.238059,2
13.876941,15.612628,0
18.33606,2.267138,0
8.443597,-2.372791,0
14.841225,-0.8471078,2
1.5684029,7.7773952,2
-5.3248315,11.009479,1
-2.638238,3.9682405,2
-4.5004954,-12.895545,0
16.86782,8.596598,2
13.501878,16.643932,2
0.95957524,26.05095,2
2.1420352,10.023144,2
1.6631454,16.423052,1
4.2846737,-16.296627,2
-5.999648,4.7120957,0
10.296143,13.922742,0
23.2616,5.701654,2
3.928771,7.472878,2
8.087652,20.907232,1
-2.365028,4.85436,1
-15.038082,-0.34547377,1
-9.49336,5.153133,1
-0.22658806,-11.507,2
9.581029,-0.8025963,2
5.4070544,14.796882,0
12.833538,0.8970537,0
6.4957705,-11.607599,2
7.6159763,10.838815,0
6.736415,14.342823,1
-3.147624,-0.37294608,1
-8.785715,8.3838,1
-0.042939655,2.1477602,1
1.6957567,-0.85676664,1
-5.229334,1.796912,2
-4.235089,5.819321,1
-1.4282771,16.180967,1
-16.199953,-3.986817,1
-9.25164,-9.108199,1
1.8235939,-13.791576,2
-0.9167925,11.844739,1
-2.5020971,11.781252,2
12.204329,18.634394,0
14.299979,22.82908,0
20.392702,3.2760215,0
16.594553,4.702802,0
14.08972,-0.5158745,0
5.861712,-0.94628906,2
7.6517,2.4737656,0
5.75866,26.491646,0
7.300812,4.373177,2
13.609375,9.528579,0
-3.2302074,10.442745,2
6.5149407,12.050493,2
0.45710355,8.956675,1
-5.668227,7.685136,1
1.6706556,3.314317,1
-4.3631096,-8.10758,1
3.3810692,-0.5185575,2
0.40604794,3.8247907,2
-4.7550936,13.01236,1
2.407631,-5.3389688,2
-2.6866536,7.7467203,0
-4.097416,7.1584406,1
-3.4265351,2.331888,2
5.401441,4.8371377,2
12.852192,3.9413502,0
11.804647,-9.852567,2
4.695541,6.749433,1
-8.976755,15.195361,1
-1.8312669,6.063217,1
-8.665965,-12.4522705,1
1.4231551,-14.838673,2
-2.0431008,-2.526406,1
2.2682111,8.889391,2
-0.08391326,15.2729435,0
-9.793306,12.748143,1
-7.636004,5.285148,1
1.0919611,-6.872405,2
5.591578,-3.4735658,2
14.288641,22.078207,0
20.215937,3.5748672,0
9.982171,0.04184628,0
14.0990305,1.4354918,0
5.4726715,-0.83819926,2
7.7277164,3.1262786,0
-1.396921,19.555681,2
2.650157,11.474352,0
2.7103903,14.249255,2
0.104151376,18.318893,0
7.6988444,13.506669,0
22.53049,-3.0613143,0
11.187553,5.8455486,0
9.046588,-8.072892,1
7.516235,-5.0895853,2
3.8656967,5.8505573,1
-5.42935,22.648638,1
-3.9102752,8.799421,1
-7.720644,3.1474574,1
-9.402953,5.0711813,1
1.3575348,2.1749396,2
0.656694,-3.242838,2
4.346446,20.35568,1
-6.606924,3.1937137,1
-5.739875,-3.2004237,1
-5.801439,0.53275007,2
-0.066941805,11.163225,1
7.2176085,18.829454,0
25.21801,-0.5250004,0
0.08683834,-18.000677,2
-5.641114,14.592794,0
14.412165,23.420467,0
15.1080675,-10.610067,0
16.590143,4.692168,0
14.417801,2.7512946,0
5.744679,1.3305728,2
-0.69123864,-5.1623583,0
5.708196,13.323103,2
2.5219114,15.674108,0
18.131975,17.51674,0
23.278341,-0.120620795,0
13.056235,-9.103629,0
5.183197,-6.88911,2
7.1974645,-1.7181624,2
5.6231737,13.274956,2
7.728785,15.268691,0
13.879192,15.617406,0
21.386723,5.9490604,0
10.632549,5.8260674,0
10.653665,-3.720327,2
3.8243341,-4.0646744,0
22.757671,17.153072,0
23.538002,1.2420255,0
11.571548,3.513887,0
10.153142,-10.678375,2
9.276186,1.5307444,0
-4.395707,11.916865,2
0.103138395,18.319782,0
7.1498756,9.395933,0
21.501482,-9.631707,2
4.1794724,5.22864,0
0.88374585,20.79485,0
11.769475,-17.66726,2
4.5448346,6.8853974,1
10.599614,11.5622015,0
15.302983,-4.183867,0
16.023289,1.8228467,2
14.411127,4.284101,0
-6.491721,1.8926551,2
-0.0024649769,15.791752,2
-3.8887813,14.615132,1
-7.4199705,5.9608254,1
1.157228,-6.942652,2
5.5967636,-3.6148598,2
-8.959924,15.135994,1
-1.875066,6.0039086,1
-6.0757737,-3.078923,1
-5.6618466,0.44266343,2
-0.31386662,11.144743,2
14.29359,22.08146,0
20.463516,3.3283813,0
9.994332,0.021429973,0
14.098948,1.434069,0
5.500775,-0.8789392,2
7.7185984,3.1542683,0
1.9779394,23.217802,1
0.7234349,9.659463,1
-3.8678956,0.97163165,1
-4.1714272,-1.4726077,1
-8.912277,-2.262498,2
1.5303853,-3.5493953,1
10.978081,18.195086,0
6.525997,3.55234,0
19.4988,10.9192095,0
18.67739,-3.8795457,0
11.379995,7.881502,0
8.627106,-6.515342,2
5.8701053,6.0544124,0
1.0066848,14.619721,1
-10.981963,9.094046,1
-12.161656,-7.835325,1
-12.973946,-0.3405877,1
1.9517151,-0.4205342,2
0.7898842,3.6665566,2
-1.9512091,15.273815,1
-15.659648,-3.311777,1
-9.866609,-9.133392,1
1.4195294,-13.176331,2
-0.89926183,11.834971,1
5.4057107,13.148039,2
2.347819,21.828873,0
-9.992423,22.62646,1
-16.453653,9.225505,1
-8.089448,-6.286295,1
1.6138927,-14.6156435,2
8.683725,-11.961682,1
3.0240378,10.496467,0
21.138477,-2.7507133,0
7.5881233,5.5305166,0
11.5515375,-14.236006,0
14.921895,5.532602,2
4.1683617,-12.540568,0
6.5000787,16.195889,0
21.331863,-2.9583862,0
21.140327,-0.80544186,0
11.726485,-14.568702,0
15.210366,5.3716908,2
4.4012938,-12.869373,0
-4.117135,7.1817126,1
-3.4355204,2.3340724,2
-2.0017788,-0.37615377,0
14.012702,18.030499,0
23.703135,-8.833819,0
6.9946404,1.1169947,2
13.869951,6.579052,0
17.013254,25.955505,0
21.966923,5.331001,0
3.9725754,0.55661815,0
11.719352,-4.0718827,0
10.703819,-8.188068,2
13.46242,5.814281,0
3.9948883,13.776274,0
18.330154,2.259351,0
20.023224,-0.03597736,0
8.342685,7.5509768,0
5.9733443,2.268368,2
-1.1996901,-4.405341,2
-6.5472918,12.705023,1
-15.203801,4.4332395,1
-10.196745,-3.6181157,1
1.7464135,-8.615976,2
2.7788875,-3.142613,1
-2.318068,18.660904,1
-9.670531,7.7033844,1
-13.950157,-4.1693964,1
-7.832183,-4.70268,1
0.09803722,-11.1593485,2
9.489179,-0.95793617,1
7.1327677,9.465591,0
21.556656,-9.574398,2
2.2735171,5.6400847,0
19.29563,7.1455874,0
14.777223,-5.5142636,0
12.120033,-11.425756,0
14.595755,2.943791,0
5.881887,1.8495384,2
7.604019,2.381537,2
1.648846,23.251616,1
-4.6840496,3.3531487,1
-3.8665617,0.96408874,1
-7.750228,-1.7844899,1
-11.351937,11.309288,2
-6.4824824,6.629518,2
18.014366,15.251945,0
18.410282,8.903494,0
12.621743,-2.7823458,2
5.5317726,-4.3666544,2
3.9833775,13.751387,0
26.775007,3.1925743,0
11.0814495,1.7114166,0
8.41492,7.6290026,0
5.940097,2.2156377,2
-1.2060648,-4.4352593,0
1.6695194,16.427263,1
4.2845216,-16.276724,2
-7.3125114,-7.3946,0
6.8620396,16.497028,0
23.542124,11.531662,0
9.911115,4.8433642,0
11.840636,-15.105537,0
5.0646296,-0.55372506,2
8.146526,3.489729,2
17.997337,17.381817,0
23.251019,-0.14494142,0
11.938638,5.7454443,2
3.6794038,-5.6296096,1
10.170892,14.89872,0
14.214098,7.7562933,0
9.232772,11.537068,0
13.183529,-0.98288995,0
6.9587703,-9.214376,2
3.6015306,9.045729,0
14.067829,13.764159,0
17.978012,4.2011757,0
13.698642,-5.064312,0
9.722044,2.8427079,0
7.412705,-9.107365,2
3.5415618,9.211484,2
-4.9259024,20.807302,1
-0.8427589,20.628765,1
-12.080578,-7.918001,1
-7.9508595,0.75494325,1
1.9232934,-0.48481864,2
0.77825904,3.6852012,2
-9.802431,12.749793,1
-7.520394,5.422114,1
-5.3770103,-5.8565927,2
0.12384895,5.1989202,2
0.77423435,12.7003765,2
-2.7165585,-7.50703,0
5.320235,13.112604,2
2.2979457,21.780468,0
2.3345203,23.278135,1
0.72902715,9.679033,1
-4.2867274,-4.0520835,1
-8.348662,1.2051611,1
2.1896875,-0.035635673,2
0.8031418,3.5741134,2
-2.3780327,17.16626,1
-8.966176,10.5272255,1
-11.315207,-3.189481,1
-7.1044235,-3.8788729,1
0.5965339,-10.700828,2
0.49489522,-4.019396,1
16.950516,25.892939,0
21.894863,5.4088345,0
10.619571,5.6373525,0
8.35838,-7.5365477,2
1.5901637,7.804666,1
9.066972,15.72866,0
21.667948,5.6657066,0
8.522898,-2.3558726,0
11.918071,-4.275326,0
10.700052,-8.177298,2
-0.91400075,-4.0229855,0
-11.109483,15.896643,1
-6.856658,3.5097895,1
-12.551564,-3.324012,1
-3.104761,-6.3426895,2
-0.20301165,-8.182993,1
-7.226553,21.473648,1
-11.1868725,7.1916676,1
1.366033,-7.1820683,2
7.115106,8.416909,1
4.90756,19.032312,2
5.8148003,21.621572,0
-1.2773368,16.45602,1
-16.99704,-4.8979635,1
-9.198794,-9.119465,1
1.9186171,-14.017171,2
8.183253,0.040498167,2
2.6690404,14.284247,2
8.063904,8.474433,0
2.4454942,17.480555,1
-16.515524,1.6667954,1
-8.292296,-8.344606,1
-7.749777,-1.7878412,1
2.2136233,0.0094492,2
1.5946634,-3.6247706,1
10.262299,15.011573,0
16.580173,11.917159,0
9.212474,11.633728,0
16.619196,-13.624627,0
14.638281,-2.5473168,2
4.8322144,-13.345508,2
14.868429,8.316786,0
23.663986,3.9390812,0
11.129725,-6.157502,0
8.059592,-0.82649654,2
10.581457,9.99676,2
12.416048,21.78415,2
2.2632632,21.751305,0
19.062757,18.430334,0
17.898464,7.101779,0
15.901338,-7.6417246,0
8.413178,-7.7762437,2
3.789505,-3.990062,0
14.872826,8.310437,0
23.660704,3.930775,0
11.103694,5.8533773,0
8.889871,-8.144071,1
6.9687395,-5.8580704,2
4.6591506,6.6492853,1
-2.418658,18.554424,1
-6.0083294,9.229838,1
-5.094699,-3.5063612,1
-9.273332,2.5528598,1
3.7718997,-0.9138805,2
0.72652304,-2.4636033,1
-5.9496427,18.27887,1
-5.851938,-2.0288224,1
-11.690679,-10.548376,1
1.2376873,-8.677382,2
-1.0581797,-8.538469,1
20.645966,13.538041,0
22.367104,10.756353,0
9.040148,-5.4281473,2
12.226907,9.026386,0
-16.886774,5.7814927,1
-15.547117,4.1639385,1
-10.645233,-3.5555756,1
2.3617513,-8.474255,2
2.7914402,-3.0888371,1
10.959039,18.202408,0
6.5269184,3.5508745,0
19.565857,10.997662,0
18.713697,-3.8879788,0
11.596821,-1.2870245,2
13.25147,10.951842,2
4.067068,12.625418,2
6.6653123,-6.753045,1
11.830941,16.099297,0
14.696862,-14.356273,0
12.224917,-6.776343,0
9.814651,-10.374174,1
6.73905,-5.9667225,2
4.7459755,6.163866,2
-12.047265,19.648378,1
-13.937652,9.667386,1
-11.446187,-5.9540715,1
9.045926,6.7043767,2
-1.9559203,-2.628814,1
-3.094342,9.086574,1
3.3247552,-15.909052,2
9.169844,9.589678,0
14.256563,22.204632,0
20.427555,3.3267338,0
10.110778,-0.10590898,0
14.1266985,1.4487133,0
5.516734,-0.86554015,2
3.5481036,8.744782,1
9.029159,22.965017,0
19.042221,4.7350054,0
20.032902,8.168708,0
18.094507,-3.6570601,0
21.593359,4.0204678,0
3.7269368,18.195684,0
8.72241,5.9591074,2
5.8831244,6.9345393,0
11.766789,16.055655,0
14.709119,-14.356523,0
12.182348,-6.7422695,0
9.94275,-10.484429,1
6.680225,-6.0914335,2
4.7581725,6.082917,2
4.6883936,12.4119005,0
13.041101,1.555622,0
7.0174603,-11.781593,2
7.697223,11.044259,0
0.4727599,21.624037,1
-6.564406,8.359802,1
-2.387592,3.069378,1
-5.7587094,-9.732447,1
2.4032314,7.730128,2
-1.1458474,-1.3896737,1
10.5109415,15.332016,0
16.461233,9.785153,0
13.319469,-10.370017,0
15.210584,0.31882384,0
14.900154,-2.3462625,0
6.2180743,-9.483142,2
7.778813,3.2412243,1
-1.3726537,19.587692,2
12.211721,14.099528,0
0.7715149,12.692097,2
-2.7163112,-7.503183,0
10.315991,13.899521,0
23.258034,5.699776,2
3.9962604,1.8886312,0
15.35996,15.536378,0
13.46992,-7.232453,2
3.9593468,7.4368052,2
-9.900162,17.48331,1
-10.775414,0.5222125,1
-2.58445,-14.2995405,2
-0.19884996,0.4270048,0
-4.92166,20.802917,1
-0.8582578,20.57636,1
-12.037388,-7.9619474,1
-13.270054,-0.086932704,1
0.84275955,0.7787914,2
10.973592,0.8940393,1
-4.3171353,5.90115,1
16.4343,8.116296,2
12.233302,18.661337,1
-3.717081,3.269203,1
-10.249778,-5.871736,2
5.2044253,5.5499835,0
-6.7308946,12.632133,1
-14.733981,4.8248367,1
-11.707782,-10.567198,1
1.3723984,-8.663419,2
2.7782354,-3.4373991,1
14.514122,23.63868,0
15.133598,-10.630522,0
10.37136,6.194299,0
10.69899,-3.8143666,0
6.6826677,-9.331905,2
1.6078889,10.773859,1
-10.031513,22.665037,1
-16.46626,9.197954,1
-6.2866273,-12.110057,1
2.034992,-14.232491,2
8.682436,-11.949915,2
9.570706,21.009773,0
15.456385,-4.028358,0
12.011911,5.673399,2
6.036948,-15.809725,2
-8.96347,15.146308,1
-1.8536556,6.0296216,1
-8.644621,-12.428095,1
-5.622926,0.39657572,2
3.2410252,-3.6963623,1
-12.265612,11.064084,2
-0.0003962338,15.766685,2
-4.0558696,7.1375427,1
-3.3945694,2.318461,2
-1.9672577,-0.40312538,0
-9.917379,17.5032,1
-10.758434,0.53477144,1
-2.5939522,-14.290693,2
-0.19221997,0.4630631,1
5.4564724,8.243591,2
11.838868,17.12169,2
-13.264558,12.7884245,1
-9.350278,6.7863307,1
3.635895,-8.120813,2
3.4516265,4.2441425,2
0.8595616,12.835828,2
-9.128332,19.53167,2
8.016186,12.391638,0
18.088133,-7.2306786,0
7.2815022,0.49151164,2
-0.8212334,3.24477,0
-3.3769562,12.94876,1
-9.671513,7.7072806,1
-13.860646,-4.2408195,1
-9.3355255,2.6041143,1
4.2978597,-1.2870317,2
0.5370491,-3.9793007,1
9.598679,20.977396,0
15.50714,-3.9767191,0
12.952753,-9.244007,0
5.0355573,-6.991413,2
9.257529,1.5148507,0
-9.911176,17.495804,1
-10.7516,0.5392695,1
-2.6292112,-14.2555895,2
-0.17461136,0.46656722,1
6.8295646,16.46243,0
23.587803,11.57824,0
9.922198,4.8567567,0
11.806919,-15.085453,0
14.100349,-3.0109787,2
8.116929,3.468829,2
18.114779,17.499949,0
23.271275,-0.12891531,0
13.085326,-9.0779505,0
5.1775675,-6.9056206,2
9.27797,1.5351614,0
-4.759597,13.008544,1
2.4230764,-5.329672,2
9.1151085,9.506393,0
-3.3458054,12.915988,1
-9.671883,7.704095,1
-13.918007,-4.176952,1
-7.496158,-3.6218414,1
0.20177451,-11.060391,2
9.417783,-1.205944,1
20.376505,15.98435,0
17.491192,-6.0347147,0
2.1509433,-10.098089,2
6.3887115,10.569303,0
2.0924492,13.126521,1
-12.367816,6.5309877,1
3.3177736,-7.6383004,2
3.0698354,4.051411,2
-1.709353,0.38028187,2
7.022855,20.39562,0
-10.001434,17.583588,1
-3.673628,-5.113314,1
1.2439716,-7.036437,2
5.7180076,-2.9767082,2
2.2752423,23.257732,1
0.7207824,9.66697,1
-4.282358,-4.056269,1
-6.225974,-4.9944067,1
-7.4919076,9.523684,2
0.8434509,-3.045387,2
-1.5483189,15.939674,1
-16.118593,-3.8845909,1
-9.8078575,-9.136409,1
-5.4249687,0.21041739,0
7.1733103,-5.461451,2
4.4221454,5.364723,2
14.163422,13.873052,0
18.012342,4.166435,0
18.108864,-1.4933174,0
9.73122,2.8501844,0
7.4125924,-9.113831,2
3.5535805,9.26351,2
-8.95659,15.134031,1
-1.8829864,6.0002284,1
-8.606242,-12.392716,1
-5.659366,0.4573711,2
-0.31829557,11.172287,2
10.357381,15.180427,0
16.549643,11.888486,0
10.259461,8.520892,0
16.62112,-13.623136,0
14.646468,-2.5437994,2
8.534854,3.4752624,2
-12.729031,17.390865,1
-14.6049595,2.7715058,1
1.4133089,-7.234105,2
7.0891676,8.43743,2
14.492312,23.568161,0
15.137904,-10.631662,0
16.592787,4.691544,0
14.476691,2.8250906,0
5.8704224,1.5876431,2
-0.77908164,-5.0519695,0
10.908268,18.123302,0
6.540536,3.540562,0
18.179096,-1.5719253,0
10.397826,3.2257779,0
11.614495,-1.3289621,2
13.245147,10.9761095,2
4.062771,12.610115,2
6.669951,-6.7515416,1
-8.977589,15.200756,1
-1.8326918,6.05316,1
-8.613612,-12.399926,1
1.4341053,-14.826767,2
-2.0418499,-2.5355902,1
4.7546353,10.368392,2
7.558016,17.44527,0
18.906328,12.950465,0
18.300573,2.2353852,0
20.021795,-0.037396684,0
8.359004,7.5706925,0
16.361917,7.998153,2
-1.1741139,-4.309244,2
-6.8791676,11.504438,1
-3.6596003,-5.146736,1
3.153456,-7.28176,2
2.7940547,3.7696693,0
12.44375,21.812506,2
2.2665837,21.74761,0
18.150682,13.433384,0
20.201597,-10.508728,2
3.964129,7.4321537,2
10.29732,13.861385,0
23.260143,5.7017984,2
3.928242,7.4674077,0
12.805762,3.98272,0
11.841632,-9.81208,2
4.6000576,6.826622,1
-13.899216,15.186279,1
-15.103968,13.700958,1
0.27929816,-6.1014037,1
1.6138321,-12.82815,2
8.344632,0.75878394,1
-1.3810794,19.573532,2
2.6505513,11.474032,0
16.814041,8.543819,2
11.843847,17.113028,2
-3.59903,14.160348,1
-8.2287855,4.212387,1
2.5916367,-19.269758,2
0.49173012,5.7652392,0
2.3381488,23.267134,1
0.7331835,9.664301,1
-16.674992,0.5060878,1
-4.3242316,-1.6459382,1
-9.017255,-2.1580303,2
-6.2304792,6.323098,1
16.86623,8.597043,2
2.6440153,11.475759,0
11.842389,16.097778,0
15.604495,6.7580647,0
11.542915,3.5014646,0
10.031355,-10.56181,1
6.728548,-6.128449,2
4.756879,6.108791,0
5.2556896,13.04889,2
2.2390363,21.717846,0
12.289014,15.924748,0
15.606054,6.752309,0
11.550477,3.5027232,0
10.049867,-10.581663,1
6.7470837,-6.1054726,2
4.7119164,6.1182237,0
-6.1728196,18.509861,1
-7.498642,8.60546,1
-3.6575792,-10.956869,1
-2.8132582,-5.7876687,2
-0.87516755,-8.42156,1
-0.7875299,8.500803,1
-8.930201,-4.978163,1
-1.5270982,-6.532477,2
-1.2046047,5.0352693,2
15.294706,12.929108,0
21.219973,1.8862681,0
16.525629,-11.194716,2
5.68457,10.066274,0
8.081411,20.90064,1
-2.3224094,4.9363365,1
-5.0617814,-3.5245945,1
-9.34733,2.613412,1
3.7501547,-0.91519344,2
0.70990366,-2.4344437,1
-4.7978754,24.448483,1
-10.855858,8.932889,1
-15.592532,7.9465985,1
-12.755088,-0.5340178,1
-2.4683852,-9.846181,1
3.8921506,-2.2454286,2
-1.8159419,8.31271,2
3.9284925,15.803493,1
-10.515582,0.99347776,1
1.0757828,-6.8454394,2
5.5881543,-4.2406206,2
7.1519866,9.449101,0
21.602598,-9.524049,2
4.184239,5.2318974,2
11.921044,12.298718,0
24.274332,-3.1940315,0
16.123074,1.7948195,2
14.370253,4.2438297,0
-4.922061,20.801382,1
-0.8282997,20.613039,1
-4.305356,-4.041337,1
-6.209448,-5.008328,1
-7.5028834,9.496025,2
0.77342606,3.6849818,2
-7.2234464,21.473215,1
-11.175857,7.1947045,1
-3.135664,-2.5917556,2
7.1064496,8.409454,1
-6.26119,10.486878,1
-10.674578,-14.480523,2
-0.7935447,6.9475417,0
15.580881,17.78899,0
26.29431,3.5526905,0
11.289677,1.8834279,0
14.503236,-0.6219051,0
6.1368375,-0.8492275,2
7.599643,2.3837726,2
-3.4170606,15.895099,1
-4.230236,4.373811,2
-0.76355594,6.926305,0
22.112225,12.506652,0
19.486399,-6.952498,0
2.2379684,-10.176684,2
5.0153074,-4.9949837,2
14.279917,22.225666,0
20.440317,3.292081,0
10.248885,6.324257,0
10.7042885,-3.81715,0
6.7158465,-9.348018,2
1.6015869,10.771435,2
-9.821306,12.730346,1
-7.5139604,5.4174523,1
1.0629733,-6.833704,2
5.5970993,-3.4855154,2
19.46324,2.9303496,1
-10.56019,-1.3668869,2
5.3134546,5.062098,2
16.371925,20.278057,0
12.8276825,0.8784617,0
6.0958986,-11.400634,2
7.6142497,10.828894,0
9.040393,12.5622,2
1.0546677,13.790928,0
-0.790214,8.510616,1
-8.907733,-5.008599,1
-1.4789157,-6.476967,2
-1.2072157,5.0234475,2
-12.2578535,11.07299,2
0.002412777,15.818853,2
15.315519,15.501906,0
20.133718,-10.437842,2
3.9694388,7.4202805,2
20.622852,13.5598,0
25.22511,2.3422568,0
12.872799,-3.3276727,2
6.035484,-15.812813,2
-8.090448,11.665804,2
-3.0405614,22.524754,0
-6.8762236,11.493421,1
-3.66804,-5.135645,1
3.1474743,-7.262814,2
2.8241563,3.8047917,0
14.539213,23.648825,0
14.783152,-5.515675,0
12.11419,-11.425782,0
14.562343,2.9117813,0
5.810695,1.5696232,2
7.597346,2.387983,2
7.155309,18.758694,0
18.346392,12.002832,0
12.802795,-3.2505658,2
4.919698,-5.093771,2
-5.328868,11.0136795,1
-2.6428351,3.9760318,2
-4.4881525,-12.91025,0
-2.4489331,18.524632,1
-5.9722676,9.273094,1
-5.127289,-3.4888508,1
-9.311733,2.5805244,1
3.8035243,-0.9376345,2
0.37295038,3.878401,2
14.988993,17.14308,0
19.634933,5.941769,0
15.726307,-7.972474,0
17.911642,-0.047649372,2
8.791686,4.4446893,0
2.9524565,12.643445,0
14.766326,9.788813,0
18.130713,-1.5284787,0
10.684583,2.8602252,0
11.616787,-1.3246777,2
3.714087,2.8744428,2
-12.018157,19.622635,1
-13.848333,9.7577915,1
-4.5592594,-6.7809954,1
9.041248,6.675799,2
-1.9706955,-2.6179888,1
19.28218,7.1571503,0
14.790798,-5.521134,0
12.166926,-11.477858,0
14.342043,-0.5620382,0
6.8555856,-9.213741,2
3.6153584,8.746236,2
13.27285,12.575411,0
19.641264,5.941638,0
15.709493,-8.047194,0
11.378886,-12.7297945,2
0.98596734,7.5428348,2
0.9867254,26.07678,2
-9.128212,19.531511,2
2.676989,14.272519,2
8.108124,8.445406,0
-4.9210515,20.802916,1
-0.85197914,20.637096,1
-12.102271,-7.8989377,1
-12.980122,-0.3345468,1
0.9923519,0.58449084,2
1.3429391,-3.5473187,1
21.33502,10.3377285,0
16.58272,-2.41747,0
15.744157,-8.486519,0
9.642987,-14.184338,2
0.9643646,7.535446,1
-1.372424,19.586021,2
12.28413,14.035532,0
2.3838687,23.252384,1
0.71907693,9.671225,1
-16.67603,0.50721776,1
-4.2487574,-1.563179,1
-8.932934,-2.2563121,2
-6.242572,6.335389,1
1.6396906,23.260782,1
-4.713564,3.3480575,1
-3.8801272,0.96667415,1
-7.74279,-1.7826774,1
-11.373558,11.304574,2
-6.443515,6.5923133,2
-5.961827,18.29,1
-5.924521,-2.0592144,1
-3.6694474,-10.950267,1
-2.8538725,-5.8359194,2
-0.9079952,-8.423668,1
0.003600196,8.26301,1
-5.8229523,7.7603984,1
-2.8500514,1.586745,1
-8.886413,2.0312748,1
-7.4260697,9.570124,2
0.46319664,3.7864056,2
5.565494,23.335842,0
22.367071,10.758983,0
12.256079,5.3477182,2
4.637269,-5.334727,2
-3.889966,17.11985,1
7.132963,-16.843113,2
9.23393,9.642926,0
-3.0647063,9.1272545,1
3.3524683,-15.937859,2
5.2079277,5.371129,2
-6.5874233,12.688911,1
-15.052544,4.5486345,1
-10.252638,-3.5560346,1
1.739297,-8.613673,2
2.7124512,-3.3612196,1
19.088736,18.406935,0
23.09386,16.008429,0
15.894066,-7.4568005,0
17.942013,-0.08866334,2
8.83593,4.4899907,1
-1.1339265,13.578586,1
-9.577118,10.5251465,1
-11.374779,-3.2405632,1
-7.1482096,-3.842584,1
0.5858308,-10.715427,2
9.4352665,-1.3908048,1
16.58621,14.089231,2
12.2566395,18.685822,0
-4.381798,11.903755,2
0.105824076,18.310314,0
-3.7166786,3.255127,1
-10.245616,-5.8710656,2
-5.939707,4.6573095,0
4.68635,16.739937,0
21.151417,-2.7628565,0
10.167637,6.4081025,0
10.698302,-3.806986,0
6.8835096,-9.2059355,2
3.525102,8.771023,0
-9.921099,17.50425,1
-10.776266,0.49682364,1
-2.5687017,-14.315093,2
-0.106787585,0.5295727,1
3.8704736,15.848771,1
-10.481884,1.0400603,1
-8.800284,-0.69371027,2
-0.15031907,0.5149501,2
-3.0356174,9.138712,1
2.436503,-5.2937527,2
9.145699,9.52726,0
10.1961155,14.92171,0
14.21764,7.7647133,0
9.211295,11.612733,0
16.617153,-13.624778,0
14.629534,-2.5634289,2
8.400151,3.4788773,2
10.225808,14.967781,0
16.580093,11.856176,0
9.206226,11.632411,0
13.132895,-1.0346397,0
5.0189033,-0.52937305,2
8.522159,3.4846618,2
8.071553,20.895632,1
-2.4003012,4.8310876,1
-15.021259,-0.33255738,1
-9.305626,2.5682054,1
3.757261,-0.91023487,2
0.74595124,-2.4997752,1
5.3844028,20.04699,1
5.113438,11.469449,1
-4.268249,-4.057385,1
-8.305793,1.1449747,1
-7.504105,9.502838,2
0.7718177,3.5915267,2
12.814945,3.9803271,0
11.846637,-9.805912,2
4.1984167,5.1319504,0
-5.947027,18.272459,1
-5.9355164,-2.056229,1
-3.6698194,-10.946863,1
-2.8433106,-5.7453876,2
0.02904418,11.30885,1
5.5898952,23.371037,0
23.681942,-8.854365,0
12.262358,5.35242,2
6.042385,-15.822215,2
7.1537547,9.44047,0
21.55828,-9.576982,2
4.1041594,5.2081747,2
10.339625,13.87558,0
23.25873,5.701041,2
2.1680815,5.5462947,0
22.756262,17.150328,0
23.535427,1.2374293,0
11.762951,5.8372393,2
6.0340757,-15.8083,0
-9.007435,15.169859,1
-1.8661156,6.0238943,1
-6.0564003,-3.1022482,1
-5.637977,0.4280719,2
-0.298512,11.177406,2
-1.133658,13.593761,1
-9.60562,10.549879,1
-13.932287,-4.1756716,1
-7.5156245,-3.6118262,1
0.18987103,-11.071643,2
9.328026,-1.2219602,1
4.0847564,10.80579,1
-4.6921024,-18.183275,2
5.412309,4.823856,2
16.617376,14.06275,2
12.263332,18.693302,0
15.828545,3.8528268,0
17.274012,-4.8087287,2
4.478933,6.922825,0
15.597496,17.751167,0
26.72666,3.2236655,0
10.589052,5.9490957,0
14.681089,-0.7287492,0
6.8591638,-9.213371,2
1.6111298,10.772553,1
19.48502,2.9508896,1
-10.535035,-1.3498775,2
0.030065184,-9.835315,0
14.639206,11.492784,0
14.965245,-6.5113306,0
15.5557,-8.360804,0
8.512653,-8.010729,1
2.6646128,1.5652794,2
3.588781,5.872267,1
2.7748597,19.433365,1
-5.7158823,2.6041272,1
-13.169963,2.498511,1
-7.7977834,0.58078545,1
-7.483131,9.521921,2
0.9306561,-3.0297315,2
-11.992459,19.650871,1
-13.860899,9.749498,1
-11.445637,-5.9510136,1
9.045539,6.706302,2
-1.9795326,-2.6064086,1
1.6805578,16.42518,1
2.437088,-5.296458,2
5.252491,5.276859,2
8.121659,20.955755,1
-2.3988345,4.8820953,1
-15.029411,-0.3378489,1
-9.519233,5.1799407,1
-0.032036796,-11.283048,2
9.540396,-0.89840955,2
0.8710534,20.804024,0
11.742878,-17.641062,2
2.2280257,5.598397,0
2.9576917,12.650358,0
14.755534,9.827121,0
18.129967,-1.5273294,0
10.693879,-3.813432,0
6.791511,-9.316052,2
3.5831575,9.025163,0
17.01525,25.95748,0
21.964075,5.330277,0
10.687254,5.587005,0
8.328614,-7.4351335,2
1.5432925,7.77513,1
-3.7114143,3.2632859,1
-10.248032,-5.8719997,2
9.237155,9.646686,0
19.09523,18.38956,0
23.119156,16.033628,0
10.708845,5.6098886,0
10.614131,-3.6813533,2
3.8162286,-4.0267863,0
2.6007538,19.611826,1
-3.385021,-0.12721093,1
-13.252488,2.609929,1
-1.21571,1.687577,1
-6.2469544,-0.70796335,1
3.237401,-11.05614,2
-4.286358,5.879499,1
14.688963,11.53978,0
24.12828,7.9894257,0
15.633283,-8.264121,0
8.483624,-7.9382725,1
2.6827369,1.5448401,2
3.592765,5.863969,1
14.616585,11.467912,0
14.969985,-6.5149927,0
15.561222,-8.358875,0
8.471909,-7.948213,1
2.7026591,1.5241313,2
3.609872,5.858533,1
8.995654,22.929628,0
17.60161,10.567037,0
20.000038,8.138437,0
18.064528,-3.6247826,0
21.594255,4.021886,0
3.7679079,18.230507,0
-10.892987,4.2259164,2
5.913303,6.9711747,0
22.08345,12.475801,0
19.426659,-7.0110946,0
12.501719,-2.8281956,2
6.0326185,-15.81001,0
5.6085687,23.388266,0
23.695734,-8.840647,0
7.025009,1.1269264,2
13.870471,6.5836034,0
-2.6387482,11.936241,2
1.0566577,17.20914,0
15.372032,12.864329,0
21.216066,1.8813192,0
7.210619,-11.867167,2
7.7959504,11.262882,0
-5.976845,18.306507,1
-5.9066286,-2.0508184,1
-3.6867228,-10.925868,1
-2.8529637,-5.823538,2
-0.9254103,-8.442273,1
-2.6534643,11.921221,2
1.0511396,17.200161,0
-8.090084,11.66837,2
-3.065268,22.49818,0
5.304996,19.004272,2
5.822148,21.605736,0
-9.737573,12.813473,1
-7.498933,5.4525723,1
-5.3640075,-5.87204,2
0.06978605,5.1156273,2
8.084918,20.911583,1
-2.3307152,4.9254103,1
-14.9025545,-0.21991572,1
-7.8417993,-4.716868,1
3.7159936,-0.8755121,2
0.26107037,3.953403,2
14.493091,23.628588,0
15.161745,-10.656999,0
12.108117,-11.418357,0
14.62247,2.9819083,0
5.792245,1.4984987,2
-0.81902146,-4.9869123,0
-3.411578,15.908608,1
4.255181,-16.311146,2
5.2660637,5.258126,1
-6.6872263,12.670064,1
-14.689898,4.85724,1
-5.668737,-3.2184408,1
-5.8418818,0.56875056,2
-0.012706283,11.307893,1
0.4361414,21.58803,1
-6.5690165,8.366643,1
-4.6123457,-3.7968047,1
-8.837486,1.9502331,1
-7.4173584,9.595943,2
0.8595052,-2.9453416,2
-1.3603964,19.597271,2
12.215474,14.099607,0
10.493257,13.778437,0
19.025904,-9.393877,2
4.060065,1.8176987,0
2.4221692,17.479988,1
-16.503305,1.6785142,1
-4.4355297,-3.9301114,1
-6.220683,-5.0007625,1
-7.4717364,9.547802,2
0.6973856,3.6684625,2
-6.2556357,10.489122,1
-10.696864,-14.5005665,2
-0.8056324,6.969619,0
-5.2098413,9.185134,1
9.903919,-3.0962117,1
-7.2586546,-17.72726,2
3.48883,4.268771,2
4.710233,10.481492,2
7.5595536,17.456589,2
12.127104,24.209967,0
14.177127,7.787478,0
9.281192,11.444903,0
14.202022,-12.784675,0
5.031933,-0.5404604,2
8.24879,3.4896686,2
13.227796,12.6071,0
19.612135,5.976668,0
10.905418,5.6690087,0
8.451448,-7.8158765,1
2.6368418,1.5999522,2
3.6426032,5.8645015,1
1.0070107,14.61821,1
-10.958817,9.074197,1
-12.159296,-7.840932,1
-12.961553,-0.35231656,1
1.0391301,0.49265516,1
-5.3084445,1.7379171,2
4.3098173,-9.167929,1
10.979783,18.191988,0
14.841538,9.781462,0
19.505325,10.933814,0
18.62411,-3.8628519,0
11.623158,-1.3283322,2
3.695616,2.876656,2
-3.4187033,15.910486,1
-4.2283444,4.3860826,2
-0.76115423,6.9214506,0
0.99757785,14.640459,1
-10.825147,8.898043,1
-15.51632,7.8668857,1
-8.08112,0.89340127,1
1.9811547,-0.37205353,2
1.3175178,-3.4295626,1
9.612498,20.972279,0
15.418167,-4.0739093,0
12.926896,-9.263951,0
4.962538,-7.0459776,2
7.1896453,-1.7281173,0
6.804048,16.44504,0
23.594446,11.583198,0
21.19709,-0.8635204,0
13.268728,-0.92222524,0
5.0597754,-0.5496103,2
3.5784965,9.005288,0
-6.8735313,11.508015,1
-3.6907778,-5.1099834,1
3.1918793,-7.3986254,2
2.8337684,3.749321,0
9.019327,23.052097,0
19.07959,4.772249,0
18.261541,-1.7124006,0
12.807851,-1.3290496,0
17.069984,1.2157801,2
3.892712,2.982872,0
16.372341,20.278082,0
16.877287,6.0435877,0
6.095499,-11.400756,2
9.823166,-2.0559406,0
3.8563023,13.629698,0
26.756836,3.2085428,0
11.094801,1.7180461,0
8.334218,7.5403275,0
6.3734555,-0.62717444,2
3.6420248,8.683123,1
3.8991807,13.675117,0
26.789213,3.1766908,0
11.117775,1.740987,0
14.7512865,-0.7866324,0
6.3635035,-0.6469878,2
8.308709,-3.4584677,2
0.9783226,12.956185,2
-9.133447,19.5399,2
-3.4117746,15.902784,1
-4.2009053,4.409316,2
-7.353226,-7.4495,0
5.646727,15.071585,0
13.014844,1.3394845,0
6.8191113,-11.726218,2
7.677186,11.003747,0
12.097699,10.325767,0
22.360266,9.150099,0
11.0613985,-6.111178,0
8.834119,-8.157635,2
7.076271,-1.8295995,2
-3.9804242,17.210482,1
7.080176,-16.798124,2
5.1799755,5.3270288,2
-6.486327,1.8756671,2
6.4881,12.02638,2
-12.729981,17.389744,1
-14.575145,2.7733893,1
1.3629102,-7.1774917,2
5.5871105,-4.1321125,2
4.896513,19.027655,2
5.7842226,21.646969,0
13.91686,15.573728,0
21.382444,5.947638,0
8.408474,-2.4271293,0
14.79091,-0.80178034,2
3.8136408,-4.047456,0
-10.977147,13.761552,1
-8.888136,-5.0482807,1
-1.6286442,-6.7175255,2
-2.2001314,10.2940235,2
4.662974,10.490321,2
7.577358,17.44319,0
4.72231,19.033695,2
4.3839135,22.027548,0
10.586711,11.610683,0
15.343268,-4.183667,0
16.075174,1.8449597,2
14.380318,4.2478886,0
-11.105703,15.896662,1
-6.846563,3.495409,1
-12.511394,-3.2930312,1
-3.0944777,-6.3246717,2
-0.21349204,-8.194302,1
2.9327135,19.430508,1
-5.85636,2.573625,1
-13.177297,2.393094,1
-1.2743303,1.599909,1
-6.294667,-0.7719392,1
3.326272,-11.145346,2
-6.039137,13.783692,0
10.587546,11.571113,0
15.337716,-4.2339983,0
16.102581,1.757519,2
14.378489,4.2549825,0
10.355035,13.8661995,0
23.257452,5.703051,2
3.982221,1.9030501,1
10.459495,15.278481,0
16.53203,9.717514,0
13.323837,-10.379901,0
13.023925,-1.1212306,0
7.1515923,-9.175042,2
1.6147721,10.773996,2
5.6525416,23.43752,0
23.746159,-8.787403,0
9.044693,-5.4100227,2
13.875721,6.5976343,0
-2.6208155,11.906492,2
0.9783552,17.096346,0
5.629323,15.06276,0
13.028911,1.3823693,0
6.653986,-11.6553135,2
7.689882,10.987995,0
18.148186,13.434784,0
20.135384,-10.439561,2
1.8240048,5.2508616,1
9.092214,22.904554,0
17.59095,10.560425,0
18.267311,-1.717611,0
12.791903,-1.341278,0
17.10239,1.1884989,2
3.8736584,2.9604867,2
11.9095,12.320767,0
24.215816,-3.1352508,0
16.120153,1.7919408,2
14.372044,4.2400556,0
-2.6201773,11.96558,2
1.0541953,17.210197,0
-13.303524,12.824282,1
-9.330421,6.748481,1
-7.227993,-17.69506,2
5.468963,-2.8289883,0
-1.3883822,19.572666,2
12.253576,14.069237,0
-1.3081596,19.654173,2
12.258923,14.0662155,0
14.113664,13.819703,0
17.97407,4.2001853,0
13.699268,-5.0686426,0
19.266582,-3.6620777,0
11.373705,-0.8120507,2
13.164992,10.923061,2
6.656666,-5.7784967,2
5.448434,6.301393,2
21.30703,10.309058,0
16.581537,-2.413763,0
15.749619,-8.480168,0
8.563035,-8.0785265,1
6.8809376,-5.832088,2
4.581463,6.7136536,1
-6.5483747,1.9526789,2
6.4794297,12.0239935,1
5.2750564,18.963089,2
6.9915276,23.789202,0
0.46793792,21.620604,1
-6.5969872,8.396784,1
-2.3953133,3.0695624,1
-5.7356615,-9.751117,1
2.399529,7.706684,2
1.2668394,-3.6418035,1
7.1253552,18.724108,0
25.218058,-0.52450967,0
12.758338,-3.1854289,2
4.951907,-5.059539,2
15.358574,15.539651,0
13.442691,-7.2001386,2
4.2072906,1.6303809,0
22.086779,12.472221,0
19.449,-6.9862924,0
2.1859236,-10.105475,2
11.362177,13.093941,0
19.291441,7.135624,0
14.779847,-5.503243,0
12.114625,-11.42715,0
14.3660965,-0.55034673,0
6.0673103,-0.8776434,2
3.5921817,8.72978,0
19.137451,18.426332,0
23.106915,16.020914,0
21.711227,-6.1141343,0
22.21243,-4.7471175,2
1.5166559,7.7464976,1
-13.28681,12.807078,1
-9.359765,6.784237,1
-7.219541,-17.687572,2
3.425554,4.2421,2
-4.364791,11.878331,2
9.037303,16.616768,0
12.131751,24.205402,0
23.55622,11.540094,0
9.297555,11.439735,0
14.203525,-12.789302,0
14.363646,-2.7597842,2
4.7580705,-13.271337,2
-4.0610876,7.1706786,1
-3.4370086,2.34644,2
0.06790661,-9.801666,0
4.0645556,10.806884,1
-4.6909823,-18.18199,2
-2.0160513,-0.35968196,0
7.527278,13.69416,0
22.604633,-3.0656617,0
11.57199,-6.3994794,0
8.989809,-8.1229725,1
7.5152035,-5.0923467,2
13.139176,2.933623,2
-1.4046698,16.22487,1
-16.885185,-4.7752333,1
-9.317831,-9.085077,1
-5.4684663,0.24857585,0
7.196006,-5.434556,2
4.5265884,5.3580537,2
11.817961,16.111393,0
14.710505,-14.356299,0
12.19017,-6.775783,0
9.930211,-10.475269,1
6.708772,-6.059506,2
4.7488036,6.1527343,2
11.811283,16.11159,0
14.711377,-14.360613,0
12.230888,-6.775885,0
9.832424,-10.385999,1
7.5050015,-5.095995,2
3.7621565,5.838884,1
5.5938125,8.405479,2
13.503622,16.642773,2
1.6248198,16.366486,1
4.284861,-16.276274,2
-6.0330935,4.751389,0
12.803464,3.9937134,0
11.806395,-9.829677,2
4.6184573,6.806379,1
10.50406,13.768036,0
19.013847,-9.396024,2
1.8625609,5.279457,0
1.241653,19.074844,1
-11.918415,5.026881,1
-5.010097,-9.987505,1
-6.0738864,-8.562833,1
2.3127253,-0.019760804,2
1.4323556,-3.780201,1
2.4758582,14.487576,2
6.9923997,23.788721,0
-1.5244793,15.975679,1
-16.201109,-3.9855986,1
-9.275333,-9.107612,1
1.6826458,-13.566191,2
8.199281,0.12697865,1
0.4444187,8.924002,1
-5.820843,7.763247,1
-2.882736,1.5430789,1
-8.878032,2.0234635,1
3.3847136,-0.5428499,2
0.8828137,-3.5536785,2
16.969875,25.912308,0
21.93605,5.356905,0
3.9646304,0.5698478,0
11.70894,-4.064709,0
10.711679,-8.174423,2
-0.9144446,-4.038366,0
5.423489,20.095222,1
5.1725054,11.536357,1
-1.5038232,9.869763,1
-4.376856,-1.7051145,1
-9.017219,-2.15786,2
-6.221616,6.32076,1
-2.4984794,11.782029,2
12.216988,18.64922,0
20.637241,13.5524435,0
22.358624,10.749985,0
12.825496,-3.274671,2
6.029002,-15.80615,2
5.34312,18.999352,2
6.9879637,23.789925,0
-9.841077,12.70049,1
-7.5128016,5.432714,1
-5.3430862,-5.8737783,2
5.584891,-3.5630665,0
10.602854,11.55624,0
15.390005,-4.1237655,0
16.091108,1.7563691,2
14.391663,4.265816,0
17.961397,15.198121,0
18.414833,8.909161,0
16.487406,-11.152898,2
5.5570006,-4.3392715,2
-1.1330172,13.590729,1
-9.612133,10.558761,1
-13.917798,-4.1828136,1
-7.5161624,-3.6078684,1
4.247749,-1.239029,2
0.5486185,-3.9711947,1
6.5013185,9.213245,0
7.221583,4.4340224,2
13.612698,9.521017,0
8.988507,13.464086,0
18.976732,-9.390096,2
4.134971,1.7314436,0
